Env,Rep,Block,Plot,Genotype,DTF,DTM
Cherry23,1,1,1001,PI432185,80,NA
Cherry23,1,1,1002,PI320936,78,103
Cherry23,1,1,1003,PI289079,84,NA
Cherry23,1,1,1004,PI432201,80,NA
Cherry23,1,1,1005,PI431613,77,NA
Cherry23,1,2,1007,PI320952,91,NA
Cherry23,1,2,1009,PI431679,77,NA
Cherry23,1,2,1010,PI298645,89,NA
Cherry23,1,2,1011,PI477921,77,NA
Cherry23,1,3,1013,PI472400,NA,NA
Cherry23,1,3,1014,PI533688,83,NA
Cherry23,1,3,1015,PI298357,79,NA
Cherry23,1,3,1016,PI431710,77,NA
Cherry23,1,3,1017,Maxim,81,NA
Cherry23,1,3,1019,PI299351,77,111
Cherry23,1,3,1020,PI472484,60,91
Cherry23,1,3,1022,PI432271,82,111
Cherry23,1,3,1023,PI472416,61,92
Cherry23,1,3,1024,PI432085,77,NA
Cherry23,1,2,1025,PI451763,81,NA
Cherry23,1,2,1027,PI370481,85,NA
Cherry23,1,2,1029,PI472488,59,91
Cherry23,1,1,1032,PI308614,77,NA
Cherry23,1,1,1033,PI431643,78,110
Cherry23,1,1,1034,PI429369,71,NA
Cherry23,1,1,1035,W627767,80,NA
Cherry23,1,1,1036,W627766,67,102
Cherry23,1,1,1037,PI472615,69,102
Cherry23,1,1,1038,PI518732,83,NA
Cherry23,1,1,1040,Maxim,83,NA
Cherry23,1,1,1041,PI432286,89,NA
Cherry23,1,1,1042,PI472629,89,NA
Cherry23,1,2,1043,PI299285,89,NA
Cherry23,1,2,1044,Maxim,80,NA
Cherry23,1,2,1045,PI432033,76,NA
Cherry23,1,2,1046,PI431631,82,NA
Cherry23,1,2,1047,PI472274,60,92
Cherry23,1,2,1048,PI298023,NA,NA
Cherry23,1,3,1049,Maxim,81,NA
Cherry23,1,3,1051,PI298644,85,NA
Cherry23,1,3,1053,PI320944,76,NA
Cherry23,1,3,1054,Maxim,81,NA
Cherry23,1,3,1055,PI358602,83,NA
Cherry23,1,3,1056,PI533690,84,NA
Cherry23,1,3,1058,PI217949,NA,NA
Cherry23,1,3,1059,PI299177,79,NA
Cherry23,1,3,1060,PI431884,87,NA
Cherry23,1,2,1061,PI212100,78,NA
Cherry23,1,2,1062,PI533693,79,NA
Cherry23,1,2,1063,PI297285,81,NA
Cherry23,1,2,1065,PI420925,83,NA
Cherry23,1,1,1067,PI374120,83,NA
Cherry23,1,1,1069,PI533691,81,116
Cherry23,1,1,1071,PI299237,77,NA
Cherry23,1,1,1072,PI431731,77,NA
Cherry23,1,1,1074,PI486127,90,NA
Cherry23,1,1,1075,PI486128,83,NA
Cherry23,1,1,1076,PI451766,91,NA
Cherry23,1,1,1077,PI432184,NA,NA
Cherry23,1,2,1079,PI432245,75,NA
Cherry23,1,2,1080,PI343026,76,NA
Cherry23,1,2,1082,PI299163,88,NA
Cherry23,1,2,1083,PI320954,85,NA
Cherry23,1,2,1084,PI320945,83,NA
Cherry23,1,3,1085,PI432145,77,NA
Cherry23,1,3,1086,PI472205,53,88
Cherry23,1,3,1087,PI299164,76,NA
Cherry23,1,3,1088,PI431717,77,NA
Cherry23,1,3,1089,PI432087,65,102
Cherry23,1,3,1090,PI472458,NA,NA
Cherry23,1,3,1092,PI273664,62,95
Cherry23,1,3,1093,PI472175,54,NA
Cherry23,1,3,1095,W627762,65,NA
Cherry23,1,2,1097,W627756,NA,NA
Cherry23,1,2,1101,PI297754,79,NA
Cherry23,1,2,1102,PI426784,60,NA
Cherry23,1,1,1103,PI429838,81,NA
Cherry23,1,1,1105,PI431863,NA,NA
Cherry23,1,1,1106,PI490289,79,111
Cherry23,1,1,1107,PI289070,85,NA
Cherry23,1,1,1108,PI374121,77,NA
Cherry23,1,4,1110,PI472122,54,NA
Cherry23,1,4,1112,PI471917,84,NA
Cherry23,1,4,1113,PI468900,83,NA
Cherry23,1,4,1114,PI431824,77,NA
Cherry23,1,5,1115,W627780,62,101
Cherry23,1,5,1116,PI472632,76,NA
Cherry23,1,5,1117,PI169534,83,NA
Cherry23,1,5,1119,PI432071,77,NA
Cherry23,1,6,1123,PI181771,82,NA
Cherry23,1,6,1124,PI468902,77,NA
Cherry23,1,6,1125,W627765,57,92
Cherry23,1,6,1126,PI472383,50,91
Cherry23,1,6,1127,PI472561,58,91
Cherry23,1,6,1129,PI431810,81,NA
Cherry23,1,6,1130,PI175754,67,102
Cherry23,1,6,1132,PI432147,82,NA
Cherry23,1,5,1133,PI178971,81,NA
Cherry23,1,5,1134,PI431622,77,NA
Cherry23,1,5,1135,Maxim,77,116
Cherry23,1,5,1137,PI339283,77,NA
Cherry23,1,5,1138,PI472137,59,91
Cherry23,1,4,1139,PI432001,78,NA
Cherry23,1,4,1141,PI339310,NA,NA
Cherry23,1,4,1143,PI472569,60,91
Cherry23,1,4,1145,PI298923,NA,NA
Cherry23,1,4,1146,PI472327,60,88
Cherry23,1,4,1147,PI297787,NA,NA
Cherry23,1,4,1148,PI163589,NA,NA
Cherry23,1,4,1149,PI431809,NA,NA
Cherry23,1,4,1150,PI432212,77,NA
Cherry23,1,5,1151,PI432236,80,NA
Cherry23,1,5,1152,PI320941,NA,NA
Cherry23,1,5,1153,Maxim,83,NA
Cherry23,1,5,1154,PI431923,83,NA
Cherry23,1,5,1155,Maxim,84,NA
Cherry23,1,5,1156,PI426778,81,NA
Cherry23,1,6,1157,PI383682,NA,NA
Cherry23,1,6,1158,W627759,81,NA
Cherry23,1,6,1159,W627782,60,95
Cherry23,1,6,1160,PI283604,82,116
Cherry23,1,6,1161,PI320953,91,NA
Cherry23,1,6,1162,PI432106,80,NA
Cherry23,1,6,1163,PI472161,52,86
Cherry23,1,6,1164,PI178940,84,111
Cherry23,1,6,1165,PI432124,77,102
Cherry23,1,6,1166,PI339289,80,109
Cherry23,1,6,1167,PI472224,60,92
Cherry23,1,5,1169,PI179324,84,NA
Cherry23,1,5,1170,PI181886,83,NA
Cherry23,1,5,1171,PI298631,84,NA
Cherry23,1,5,1172,PI299120,77,NA
Cherry23,1,5,1173,PI472143,83,NA
Cherry23,1,4,1175,Maxim,89,NA
Cherry23,1,4,1176,PI329157,83,NA
Cherry23,1,4,1177,PI182217,84,NA
Cherry23,1,4,1178,PI472588,69,NA
Cherry23,1,4,1179,PI289077,60,NA
Cherry23,1,4,1180,PI431987,71,NA
Cherry23,1,4,1181,Maxim,82,NA
Cherry23,1,4,1185,PI472549,60,92
Cherry23,1,4,1186,PI431756,78,NA
Cherry23,1,5,1187,PI339285,88,NA
Cherry23,1,5,1188,PI297767,NA,NA
Cherry23,1,5,1189,PI426202,84,NA
Cherry23,1,5,1191,Maxim,79,111
Cherry23,1,6,1193,PI420924,76,NA
Cherry23,1,6,1194,PI368647,83,116
Cherry23,1,6,1195,W627760,77,102
Cherry23,1,6,1196,Maxim,83,NA
Cherry23,1,6,1197,PI211602,83,NA
Cherry23,1,6,1198,PI472194,52,86
Cherry23,1,6,1199,PI431666,73,NA
Cherry23,1,6,1200,PI472372,60,95
Cherry23,1,6,1201,PI178939,83,NA
Cherry23,1,6,1202,Maxim,77,111
Cherry23,1,5,1206,PI432190,84,NA
Cherry23,1,5,1207,Maxim,77,NA
Cherry23,1,5,1209,PI431618,NA,NA
Cherry23,1,5,1210,PI345627,89,NA
Cherry23,1,4,1211,W627754,85,NA
Cherry23,1,4,1212,PI311107,NA,NA
Cherry23,1,4,1213,Maxim,82,NA
Cherry23,1,4,1216,PI472562,62,91
Cherry23,1,7,1218,PI329167,75,NA
Cherry23,1,7,1219,PI193548,59,91
Cherry23,1,7,1220,PI207492,77,110
Cherry23,1,8,1223,PI432188,NA,NA
Cherry23,1,8,1224,PI432237,77,NA
Cherry23,1,8,1226,Maxim,84,NA
Cherry23,1,8,1227,PI431656,73,NA
Cherry23,1,8,1228,PI312175,76,NA
Cherry23,1,9,1229,PI320935,79,NA
Cherry23,1,9,1230,PI250156,69,103
Cherry23,1,9,1231,PI420929,77,NA
Cherry23,1,9,1232,PI379368,77,NA
Cherry23,1,9,1233,PI250158,60,91
Cherry23,1,9,1234,PI297287,77,110
Cherry23,1,9,1235,PI374116,77,116
Cherry23,1,9,1236,PI472200,59,88
Cherry23,1,9,1237,PI238758,80,NA
Cherry23,1,9,1238,Maxim,81,110
Cherry23,1,9,1239,PI299354,87,NA
Cherry23,1,9,1241,PI357225,77,110
Cherry23,1,8,1242,PI431633,74,NA
Cherry23,1,8,1244,Maxim,77,NA
Cherry23,1,8,1245,PI472559,61,92
Cherry23,1,8,1246,PI426803,60,88
Cherry23,1,7,1248,PI299215,77,NA
Cherry23,1,7,1249,PI490288,77,111
Cherry23,1,7,1250,Maxim,77,NA
Cherry23,1,7,1251,PI251032,77,NA
Cherry23,1,7,1252,PI432005,68,102
Cherry23,1,7,1253,Maxim,83,NA
Cherry23,1,7,1254,PI458503,83,NA
Cherry23,1,7,1256,PI329169,81,NA
Cherry23,1,8,1259,PI472136,60,91
Cherry23,1,8,1260,Maxim,84,NA
Cherry23,1,8,1261,PI300250,81,NA
Cherry23,1,8,1263,PI431640,77,NA
Cherry23,1,8,1264,PI299366,83,NA
Cherry23,1,9,1266,PI518734,84,NA
Cherry23,1,9,1267,PI299371,82,NA
Cherry23,1,9,1268,PI431642,71,NA
Cherry23,1,9,1270,PI298922,84,NA
Cherry23,1,9,1271,PI280686,59,101
Cherry23,1,9,1276,W627763,70,NA
Cherry23,1,8,1277,PI435954,73,NA
Cherry23,1,8,1278,PI193547,77,NA
Cherry23,1,8,1279,PI431728,77,NA
Cherry23,1,8,1281,PI518733,83,NA
Cherry23,1,8,1282,PI299116,77,111
Cherry23,1,7,1283,Maxim,83,NA
Cherry23,1,7,1288,PI431663,77,NA
Cherry23,1,7,1290,PI320937,90,NA
Cherry23,1,7,1292,PI368651,NA,NA
Cherry23,1,7,1293,PI508090,77,NA
Cherry23,1,7,1294,PI431684,81,NA
Cherry23,1,8,1295,PI472564,75,NA
Cherry23,1,8,1296,PI431675,77,NA
Cherry23,1,8,1297,W627781,85,NA
Cherry23,1,8,1298,PI431630,NA,NA
Cherry23,1,8,1299,Maxim,89,NA
Cherry23,1,9,1302,PI432028,77,NA
Cherry23,1,9,1303,PI251784,77,NA
Cherry23,1,9,1305,PI297284,77,NA
Cherry23,1,9,1308,PI289073,91,NA
Cherry23,1,9,1309,PI298122,77,NA
Cherry23,1,9,1310,PI299207,75,NA
Cherry23,1,9,1311,PI468899,89,NA
Cherry23,1,9,1312,PI290716,77,NA
Cherry23,1,8,1313,W627758,78,NA
Cherry23,1,8,1315,PI251248,56,88
Cherry23,1,8,1317,Maxim,82,NA
Cherry23,1,8,1318,PI432002,89,NA
Cherry23,1,7,1319,PI431636,90,NA
Cherry23,1,7,1321,PI297772,NA,NA
Cherry23,1,7,1322,Maxim,NA,NA
Cherry23,1,7,1323,Maxim,NA,NA
Cherry23,1,7,1324,PI431768,NA,NA
Cherry23,2,10,1327,PI250158,60,88
Cherry23,2,10,1330,PI368647,85,NA
Cherry23,2,11,1332,PI299371,85,NA
Cherry23,2,11,1333,PI320941,NA,NA
Cherry23,2,11,1334,PI297754,81,NA
Cherry23,2,11,1336,PI533690,80,NA
Cherry23,2,12,1337,Maxim,83,NA
Cherry23,2,12,1338,PI432124,75,NA
Cherry23,2,12,1340,PI299285,NA,NA
Cherry23,2,12,1341,PI472488,60,88
Cherry23,2,12,1343,PI250156,74,NA
Cherry23,2,12,1344,PI472137,60,88
Cherry23,2,12,1345,PI211602,88,NA
Cherry23,2,12,1348,PI432212,77,116
Cherry23,2,11,1349,PI299120,76,NA
Cherry23,2,11,1351,PI299354,84,NA
Cherry23,2,11,1352,PI320944,76,NA
Cherry23,2,11,1354,PI432087,63,102
Cherry23,2,10,1355,PI181771,81,NA
Cherry23,2,10,1356,Maxim,81,110
Cherry23,2,10,1357,PI299116,76,111
Cherry23,2,10,1358,PI298645,84,NA
Cherry23,2,10,1359,W627756,NA,NA
Cherry23,2,10,1361,PI432085,71,NA
Cherry23,2,10,1362,PI178971,77,110
Cherry23,2,10,1363,PI280686,61,86
Cherry23,2,10,1365,PI299177,78,NA
Cherry23,2,10,1366,PI472327,60,88
Cherry23,2,11,1367,Maxim,85,NA
Cherry23,2,11,1368,PI431684,84,NA
Cherry23,2,11,1369,PI420929,NA,NA
Cherry23,2,11,1370,PI486127,NA,NA
Cherry23,2,11,1371,Maxim,82,NA
Cherry23,2,11,1372,PI289073,77,116
Cherry23,2,12,1373,PI320952,85,NA
Cherry23,2,12,1374,PI238758,84,NA
Cherry23,2,12,1375,PI431618,NA,NA
Cherry23,2,12,1376,Maxim,84,NA
Cherry23,2,12,1379,PI472561,60,88
Cherry23,2,12,1380,Maxim,84,NA
Cherry23,2,12,1381,Maxim,84,NA
Cherry23,2,12,1382,PI299366,83,NA
Cherry23,2,12,1383,PI251032,75,NA
Cherry23,2,11,1385,PI379368,80,NA
Cherry23,2,11,1386,PI383682,89,NA
Cherry23,2,11,1387,PI468899,81,NA
Cherry23,2,11,1388,Maxim,84,NA
Cherry23,2,11,1389,PI297284,77,NA
Cherry23,2,10,1391,PI431613,75,NA
Cherry23,2,10,1392,PI289077,60,NA
Cherry23,2,10,1393,PI533693,77,116
Cherry23,2,10,1394,W627765,60,86
Cherry23,2,10,1396,PI472205,53,88
Cherry23,2,10,1397,PI339283,77,NA
Cherry23,2,10,1398,Maxim,83,NA
Cherry23,2,10,1401,PI320953,89,NA
Cherry23,2,10,1402,PI178939,83,NA
Cherry23,2,11,1407,PI432188,NA,NA
Cherry23,2,11,1408,PI426202,77,NA
Cherry23,2,12,1409,PI179324,NA,NA
Cherry23,2,12,1411,PI374120,NA,NA
Cherry23,2,12,1412,PI451763,84,NA
Cherry23,2,12,1413,W627758,77,NA
Cherry23,2,12,1414,PI508090,82,NA
Cherry23,2,12,1415,Maxim,NA,NA
Cherry23,2,12,1416,PI357225,NA,NA
Cherry23,2,12,1417,PI299164,77,NA
Cherry23,2,12,1418,PI339310,NA,NA
Cherry23,2,12,1419,PI329169,76,NA
Cherry23,2,12,1420,PI431923,NA,NA
Cherry23,2,11,1422,PI169534,82,NA
Cherry23,2,11,1423,PI420924,76,111
Cherry23,2,11,1424,Maxim,NA,NA
Cherry23,2,11,1426,PI374121,75,NA
Cherry23,2,10,1427,PI432271,81,NA
Cherry23,2,10,1428,PI431679,79,NA
Cherry23,2,10,1429,PI472224,60,88
Cherry23,2,10,1430,Maxim,80,NA
Cherry23,2,10,1432,PI299237,80,NA
Cherry23,2,13,1433,PI431663,76,102
Cherry23,2,13,1434,PI431710,75,102
Cherry23,2,13,1435,PI311107,82,NA
Cherry23,2,13,1436,PI429838,76,NA
Cherry23,2,13,1437,PI300250,83,NA
Cherry23,2,13,1438,PI320954,80,NA
Cherry23,2,14,1440,PI518732,80,110
Cherry23,2,14,1443,PI431987,76,NA
Cherry23,2,14,1444,PI368651,64,NA
Cherry23,2,15,1445,PI472122,56,86
Cherry23,2,15,1447,PI426778,NA,NA
Cherry23,2,15,1448,PI175754,80,NA
Cherry23,2,15,1449,W627760,82,NA
Cherry23,2,15,1450,PI431656,NA,NA
Cherry23,2,15,1451,PI298357,81,NA
Cherry23,2,15,1452,PI320935,NA,NA
Cherry23,2,15,1454,PI426784,60,86
Cherry23,2,15,1456,PI431810,84,NA
Cherry23,2,14,1457,Maxim,80,NA
Cherry23,2,14,1459,PI431731,78,103
Cherry23,2,14,1460,W627767,79,NA
Cherry23,2,14,1461,PI432005,74,NA
Cherry23,2,14,1462,Maxim,83,NA
Cherry23,2,13,1463,PI163589,NA,NA
Cherry23,2,13,1464,PI472632,NA,NA
Cherry23,2,13,1465,PI472458,49,88
Cherry23,2,13,1466,PI472372,60,88
Cherry23,2,13,1467,PI432002,84,NA
Cherry23,2,13,1468,PI472588,71,101
Cherry23,2,13,1469,PI490288,83,NA
Cherry23,2,13,1471,PI297772,85,NA
Cherry23,2,13,1473,Maxim,NA,NA
Cherry23,2,13,1474,PI370481,85,NA
Cherry23,2,14,1475,PI472143,NA,NA
Cherry23,2,14,1478,PI472136,60,86
Cherry23,2,14,1479,PI472400,57,NA
Cherry23,2,14,1480,PI298644,NA,NA
Cherry23,2,15,1482,W627780,60,98
Cherry23,2,15,1483,PI299163,84,NA
Cherry23,2,15,1484,Maxim,NA,NA
Cherry23,2,15,1485,PI358602,NA,NA
Cherry23,2,15,1486,PI490289,NA,NA
Cherry23,2,15,1487,PI297787,NA,NA
Cherry23,2,15,1488,Maxim,NA,NA
Cherry23,2,15,1489,W627766,77,101
Cherry23,2,15,1490,PI472559,60,88
Cherry23,2,15,1491,PI472194,55,88
Cherry23,2,15,1492,PI432145,77,116
Cherry23,2,14,1493,PI431622,80,NA
Cherry23,2,14,1495,PI217949,60,NA
Cherry23,2,14,1496,PI468902,80,NA
Cherry23,2,14,1497,PI312175,76,NA
Cherry23,2,14,1498,PI290716,NA,NA
Cherry23,2,13,1499,PI339289,NA,NA
Cherry23,2,13,1500,PI320937,84,NA
Cherry23,2,13,1501,PI435954,75,NA
Cherry23,2,13,1504,PI289070,84,NA
Cherry23,2,13,1505,Maxim,NA,NA
Cherry23,2,13,1507,PI429369,76,NA
Cherry23,2,13,1509,PI431756,84,NA
Cherry23,2,13,1510,Maxim,NA,NA
Cherry23,2,14,1511,PI283604,NA,NA
Cherry23,2,14,1512,PI431630,92,NA
Cherry23,2,14,1513,PI471917,82,NA
Cherry23,2,14,1516,PI432237,77,NA
Cherry23,2,15,1517,PI299207,83,NA
Cherry23,2,15,1518,PI289079,80,NA
Cherry23,2,15,1519,PI486128,78,NA
Cherry23,2,15,1522,PI273664,NA,NA
Cherry23,2,15,1523,PI472629,NA,NA
Cherry23,2,15,1524,PI297285,84,NA
Cherry23,2,14,1531,PI432106,83,NA
Cherry23,2,14,1532,PI207492,NA,NA
Cherry23,2,14,1533,PI431636,NA,NA
Cherry23,2,13,1535,PI431675,69,NA
Cherry23,2,13,1537,PI329157,75,NA
Cherry23,2,13,1538,PI431728,78,102
Cherry23,2,13,1540,PI432184,NA,NA
Cherry23,2,16,1542,PI320936,83,101
Cherry23,2,16,1543,W627782,60,92
Cherry23,2,17,1547,PI339285,NA,NA
Cherry23,2,17,1548,PI472562,60,88
Cherry23,2,17,1550,PI374116,77,NA
Cherry23,2,17,1551,PI431640,NA,NA
Cherry23,2,17,1552,PI432147,82,NA
Cherry23,2,18,1554,PI472615,71,102
Cherry23,2,18,1555,Maxim,84,NA
Cherry23,2,18,1557,PI193547,NA,NA
Cherry23,2,18,1559,PI193548,60,86
Cherry23,2,18,1560,PI299351,77,NA
Cherry23,2,18,1561,PI431768,NA,NA
Cherry23,2,18,1562,PI345627,NA,NA
Cherry23,2,18,1563,PI431642,76,NA
Cherry23,2,18,1564,PI343026,NA,NA
Cherry23,2,17,1565,PI432001,80,110
Cherry23,2,17,1566,W627762,67,94
Cherry23,2,17,1567,PI426803,60,86
Cherry23,2,17,1568,PI533691,76,110
Cherry23,2,17,1569,PI431824,83,103
Cherry23,2,17,1570,PI472564,NA,NA
Cherry23,2,16,1572,PI472549,60,88
Cherry23,2,16,1573,PI431809,NA,NA
Cherry23,2,16,1574,PI432185,NA,NA
Cherry23,2,16,1575,PI178940,84,NA
Cherry23,2,16,1576,PI432033,76,102
Cherry23,2,16,1577,PI472200,56,86
Cherry23,2,16,1580,PI420925,75,NA
Cherry23,2,16,1581,W627754,83,111
Cherry23,2,16,1582,PI298122,81,NA
Cherry23,2,17,1584,PI533688,90,NA
Cherry23,2,17,1585,W627759,83,NA
Cherry23,2,17,1586,PI320945,NA,NA
Cherry23,2,17,1587,PI468900,84,111
Cherry23,2,17,1588,PI472274,65,88
Cherry23,2,18,1590,PI251784,NA,NA
Cherry23,2,18,1591,PI329167,84,NA
Cherry23,2,18,1592,PI182217,NA,NA
Cherry23,2,18,1594,PI431643,84,NA
Cherry23,2,18,1595,PI477921,NA,NA
Cherry23,2,18,1596,PI432190,90,NA
Cherry23,2,18,1597,PI298923,NA,NA
Cherry23,2,18,1598,PI472484,60,86
Cherry23,2,18,1599,PI297287,77,NA
Cherry23,2,18,1600,PI432071,83,NA
Cherry23,2,17,1601,PI298023,84,NA
Cherry23,2,17,1602,Maxim,NA,NA
Cherry23,2,17,1603,PI431717,83,NA
Cherry23,2,17,1604,W627763,73,NA
Cherry23,2,17,1605,PI432028,83,NA
Cherry23,2,17,1606,PI518734,84,NA
Cherry23,2,16,1607,PI431884,NA,NA
Cherry23,2,16,1609,PI297767,NA,NA
Cherry23,2,16,1611,PI298631,80,NA
Cherry23,2,16,1612,Maxim,80,NA
Cherry23,2,16,1615,PI432245,71,98
Cherry23,2,16,1616,PI432236,80,105
Cherry23,2,16,1617,PI518733,81,NA
Cherry23,2,16,1618,PI181886,82,NA
Cherry23,2,17,1619,Maxim,NA,NA
Cherry23,2,17,1621,PI308614,84,NA
Cherry23,2,17,1622,PI298922,84,NA
Cherry23,2,17,1623,PI299215,90,NA
Cherry23,2,17,1624,Maxim,NA,NA
Cherry23,2,18,1625,W627781,NA,NA
Cherry23,2,18,1626,PI472569,60,88
Cherry23,2,18,1627,PI432286,83,NA
Cherry23,2,18,1629,PI431863,NA,NA
Cherry23,2,18,1632,PI451766,NA,NA
Cherry23,2,18,1633,PI472161,76,NA
Cherry23,2,18,1634,Maxim,90,NA
Cherry23,2,18,1635,Maxim,90,NA
Cherry23,2,18,1636,PI458503,78,NA
Cherry23,2,17,1638,PI432201,83,NA
Cherry23,2,17,1639,PI472383,53,86
Cherry23,2,17,1640,PI431633,83,NA
Cherry23,2,17,1641,PI431631,83,NA
Cherry23,2,17,1642,PI212100,81,NA
Cherry23,2,16,1644,PI431666,69,102
Cherry23,2,16,1645,PI472416,60,86
Cherry23,2,16,1647,PI472175,55,88
Rawl22,1,1,1001,PI432147,NA,120
Rawl22,1,1,1002,PI329169,NA,110
Rawl22,1,2,1005,Maxim,NA,120
Rawl22,1,2,1006,PI298923,NA,122
Rawl22,1,2,1007,PI432106,NA,122
Rawl22,1,3,1010,PI298645,NA,124
Rawl22,1,3,1011,PI432201,NA,123
Rawl22,1,3,1012,PI431756,NA,113
Rawl22,1,4,1013,Maxim,NA,117
Rawl22,1,4,1015,PI472143,NA,120
Rawl22,1,4,1016,PI472488,NA,100
Rawl22,1,4,1017,PI472559,NA,100
Rawl22,1,4,1019,PI251032,NA,119
Rawl22,1,4,1020,PI486127,NA,117
Rawl22,1,3,1021,PI298357,NA,117
Rawl22,1,3,1022,PI518732,NA,117
Rawl22,1,2,1025,PI472383,NA,105
Rawl22,1,2,1026,PI251784,NA,108
Rawl22,1,2,1027,PI432190,NA,123
Rawl22,1,1,1030,PI420924,NA,119
Rawl22,1,1,1031,PI182217,NA,110
Rawl22,1,1,1032,Maxim,NA,118
Rawl22,1,1,1033,W627782,NA,99
Rawl22,1,1,1034,PI432002,NA,118
Rawl22,1,1,1035,W627780,NA,98
Rawl22,1,2,1037,Maxim,NA,118
Rawl22,1,2,1038,Maxim,NA,114
Rawl22,1,2,1040,PI178971,NA,111
Rawl22,1,3,1041,PI251248,NA,103
Rawl22,1,3,1043,PI432145,NA,114
Rawl22,1,4,1045,W627758,NA,117
Rawl22,1,4,1046,PI339285,NA,122
Rawl22,1,4,1047,PI472400,NA,108
Rawl22,1,4,1048,PI178939,NA,123
Rawl22,1,4,1049,PI207492,NA,108
Rawl22,1,4,1050,PI431809,NA,114
Rawl22,1,4,1051,PI163589,NA,118
Rawl22,1,3,1053,PI299207,NA,106
Rawl22,1,3,1054,PI432185,NA,116
Rawl22,1,3,1055,PI297772,NA,122
Rawl22,1,3,1056,PI299371,NA,115
Rawl22,1,2,1057,PI298922,NA,120
Rawl22,1,2,1059,PI472224,NA,100
Rawl22,1,2,1060,PI181771,NA,116
Rawl22,1,1,1061,PI490288,NA,113
Rawl22,1,1,1062,PI432271,NA,116
Rawl22,1,1,1063,PI431633,NA,114
Rawl22,1,1,1065,PI426202,NA,116
Rawl22,1,1,1066,PI432087,NA,116
Rawl22,1,1,1067,PI431656,NA,108
Rawl22,1,1,1068,PI429369,NA,116
Rawl22,1,2,1069,Maxim,NA,115
Rawl22,1,2,1070,PI290716,NA,116
Rawl22,1,2,1071,PI298023,NA,116
Rawl22,1,3,1073,PI289079,NA,117
Rawl22,1,3,1074,PI374121,NA,110
Rawl22,1,3,1075,PI289070,NA,120
Rawl22,1,4,1077,PI477921,NA,115
Rawl22,1,4,1079,PI468899,NA,117
Rawl22,1,4,1080,PI374116,NA,113
Rawl22,1,4,1081,PI432033,NA,113
Rawl22,1,4,1082,W627781,NA,122
Rawl22,1,4,1083,Maxim,NA,115
Rawl22,1,3,1085,PI472136,NA,98
Rawl22,1,3,1086,PI432028,NA,114
Rawl22,1,3,1088,PI432236,NA,118
Rawl22,1,2,1090,W627765,NA,101
Rawl22,1,2,1091,PI358602,NA,118
Rawl22,1,2,1092,PI320944,NA,123
Rawl22,1,1,1094,PI431728,NA,115
Rawl22,1,1,1095,Maxim,NA,113
Rawl22,1,1,1096,PI299120,NA,108
Rawl22,1,1,1097,PI472161,NA,98
Rawl22,1,2,1101,PI320945,NA,116
Rawl22,1,2,1102,PI431642,NA,108
Rawl22,1,2,1103,Maxim,NA,117
Rawl22,1,2,1104,PI420929,NA,104
Rawl22,1,3,1106,PI370481,NA,114
Rawl22,1,3,1107,PI212100,NA,107
Rawl22,1,3,1108,PI432237,NA,116
Rawl22,1,4,1109,Maxim,NA,116
Rawl22,1,4,1110,PI472175,NA,101
Rawl22,1,4,1111,PI431622,NA,116
Rawl22,1,4,1113,PI339289,NA,116
Rawl22,1,4,1114,Maxim,NA,118
Rawl22,1,4,1115,Maxim,NA,114
Rawl22,1,3,1117,PI426778,NA,116
Rawl22,1,3,1118,PI472632,NA,115
Rawl22,1,3,1119,Maxim,NA,114
Rawl22,1,3,1120,PI420925,NA,114
Rawl22,1,2,1121,W627760,NA,108
Rawl22,1,2,1123,PI379368,NA,116
Rawl22,1,2,1124,PI368647,NA,116
Rawl22,1,1,1125,PI308614,NA,107
Rawl22,1,1,1126,PI178940,NA,115
Rawl22,1,1,1127,PI472274,NA,101
Rawl22,1,1,1128,PI320936,NA,106
Rawl22,1,1,1129,W627756,NA,121
Rawl22,1,1,1130,PI320952,NA,116
Rawl22,1,1,1131,PI431663,NA,109
Rawl22,1,1,1132,PI468902,NA,109
Rawl22,1,2,1135,PI533691,NA,116
Rawl22,1,2,1136,PI486128,NA,115
Rawl22,1,4,1141,PI432085,NA,115
Rawl22,1,4,1142,PI472564,NA,116
Rawl22,1,4,1145,PI518734,NA,115
Rawl22,1,4,1146,PI289073,NA,108
Rawl22,1,4,1148,PI432184,NA,115
Rawl22,1,3,1150,PI431768,NA,114
Rawl22,1,3,1151,Maxim,NA,116
Rawl22,1,3,1152,PI193548,NA,100
Rawl22,1,2,1153,Maxim,NA,114
Rawl22,1,2,1154,W627763,NA,108
Rawl22,1,2,1156,PI320937,NA,116
Rawl22,1,1,1157,PI179324,NA,115
Rawl22,1,1,1158,PI339310,NA,115
Rawl22,1,1,1160,PI432245,NA,106
Rawl22,1,5,1162,PI320953,NA,120
Rawl22,1,5,1163,Maxim,NA,116
Rawl22,1,6,1165,PI431810,NA,114
Rawl22,1,6,1166,PI299351,NA,118
Rawl22,1,6,1167,PI298644,NA,116
Rawl22,1,7,1169,PI299237,NA,115
Rawl22,1,7,1170,PI451763,NA,115
Rawl22,1,7,1171,PI297284,NA,115
Rawl22,1,7,1172,PI518733,NA,113
Rawl22,1,8,1173,PI472327,NA,99
Rawl22,1,8,1176,PI299116,NA,109
Rawl22,1,8,1178,PI432005,NA,119
Rawl22,1,8,1179,PI431710,NA,109
Rawl22,1,8,1180,PI193547,NA,107
Rawl22,1,7,1181,W627754,NA,116
Rawl22,1,7,1183,PI357225,NA,120
Rawl22,1,7,1184,PI472569,NA,101
Rawl22,1,6,1186,PI472615,NA,110
Rawl22,1,6,1188,PI472549,NA,101
Rawl22,1,5,1189,PI299177,NA,116
Rawl22,1,5,1190,PI298631,NA,116
Rawl22,1,5,1191,PI311107,NA,116
Rawl22,1,5,1192,PI431684,NA,116
Rawl22,1,5,1193,PI169534,NA,121
Rawl22,1,5,1194,PI472200,NA,101
Rawl22,1,5,1196,PI329157,NA,112
Rawl22,1,6,1197,PI431675,NA,116
Rawl22,1,6,1198,PI451766,NA,115
Rawl22,1,6,1199,PI345627,NA,116
Rawl22,1,6,1200,PI431884,NA,117
Rawl22,1,7,1201,PI431717,NA,119
Rawl22,1,7,1202,PI298122,NA,115
Rawl22,1,7,1203,PI432124,NA,116
Rawl22,1,7,1204,PI468900,NA,116
Rawl22,1,8,1205,PI244046,NA,101
Rawl22,1,8,1206,PI320941,NA,116
Rawl22,1,8,1207,PI211602,NA,116
Rawl22,1,8,1209,PI299164,NA,114
Rawl22,1,8,1210,PI471917,NA,117
Rawl22,1,8,1211,W627766,NA,95
Rawl22,1,8,1212,PI238758,NA,117
Rawl22,1,7,1213,PI472122,NA,99
Rawl22,1,7,1216,PI432071,NA,114
Rawl22,1,6,1219,PI431630,NA,119
Rawl22,1,6,1220,PI273664,NA,105
Rawl22,1,5,1221,Maxim,NA,114
Rawl22,1,5,1223,PI472458,NA,102
Rawl22,1,5,1224,PI343026,NA,114
Rawl22,1,5,1225,PI533688,NA,116
Rawl22,1,5,1227,PI533690,NA,113
Rawl22,1,6,1229,PI472562,NA,98
Rawl22,1,6,1230,PI297754,NA,113
Rawl22,1,6,1231,PI431987,NA,115
Rawl22,1,6,1232,PI431824,NA,115
Rawl22,1,7,1233,W627759,NA,116
Rawl22,1,7,1234,PI250158,NA,96
Rawl22,1,7,1235,PI490289,NA,115
Rawl22,1,7,1236,PI280686,NA,111
Rawl22,1,8,1237,PI432212,NA,119
Rawl22,1,8,1240,PI431613,NA,114
Rawl22,1,8,1241,PI299354,NA,116
Rawl22,1,8,1242,PI297787,NA,115
Rawl22,1,8,1244,PI431618,NA,110
Rawl22,1,7,1245,PI289077,NA,113
Rawl22,1,7,1246,PI175754,NA,114
Rawl22,1,7,1247,PI297767,NA,115
Rawl22,1,6,1249,PI508090,NA,115
Rawl22,1,6,1250,PI368651,NA,115
Rawl22,1,6,1251,Maxim,NA,119
Rawl22,1,6,1252,PI472137,NA,101
Rawl22,1,5,1253,PI300250,NA,112
Rawl22,1,5,1254,PI432188,NA,114
Rawl22,1,5,1255,PI431631,NA,114
Rawl22,1,5,1256,PI472484,NA,103
Rawl22,1,5,1257,W627767,NA,113
Rawl22,1,5,1258,PI431636,NA,113
Rawl22,1,5,1259,PI383682,NA,115
Rawl22,1,5,1260,PI431863,NA,114
Rawl22,1,6,1261,PI299285,NA,114
Rawl22,1,6,1262,PI339292,NA,120
Rawl22,1,6,1263,PI431731,NA,115
Rawl22,1,6,1264,PI429838,NA,113
Rawl22,1,7,1265,PI431643,NA,116
Rawl22,1,7,1266,PI339283,NA,115
Rawl22,1,7,1267,PI472629,NA,115
Rawl22,1,7,1268,PI431640,NA,114
Rawl22,1,8,1269,PI435954,NA,115
Rawl22,1,8,1270,Maxim,NA,114
Rawl22,1,8,1273,PI297285,NA,115
Rawl22,1,8,1274,PI472372,NA,101
Rawl22,1,8,1275,PI533693,NA,110
Rawl22,1,7,1277,Maxim,NA,116
Rawl22,1,7,1279,PI472205,NA,101
Rawl22,1,6,1281,Maxim,NA,115
Rawl22,1,6,1282,PI432001,NA,116
Rawl22,1,5,1285,PI297287,NA,110
Rawl22,1,5,1286,PI426784,NA,101
Rawl22,1,5,1287,PI426803,NA,101
Rawl22,1,5,1288,PI283604,NA,115
Rawl22,1,5,1291,PI329167,NA,115
Rawl22,1,5,1292,PI432286,NA,113
Rawl22,1,6,1294,PI472588,NA,115
Rawl22,1,6,1295,PI299163,NA,122
Rawl22,1,6,1296,PI431679,NA,121
Rawl22,1,7,1297,PI320935,NA,117
Rawl22,1,7,1299,PI472561,NA,100
Rawl22,1,8,1301,PI374120,NA,109
Rawl22,1,8,1302,PI250156,NA,110
Rawl22,1,8,1303,PI299366,NA,122
Rawl22,1,8,1306,PI181886,NA,115
Rawl22,1,8,1308,PI299215,NA,115
Rawl22,1,7,1309,Maxim,NA,115
Rawl22,1,7,1310,PI458503,NA,119
Rawl22,1,7,1311,PI312175,NA,110
Rawl22,1,7,1312,PI217949,NA,108
Rawl22,1,6,1314,PI431923,NA,115
Rawl22,1,6,1315,PI472194,NA,99
Rawl22,1,6,1316,PI472416,NA,108
Rawl22,1,5,1318,PI431666,NA,113
Rawl22,1,5,1319,PI320954,NA,115
Rawl22,1,5,1320,W627762,NA,104
Rawl22,2,9,2001,PI426803,NA,119
Rawl22,2,9,2002,PI533690,NA,116
Rawl22,2,10,2005,PI432005,NA,106
Rawl22,2,10,2006,PI472632,NA,116
Rawl22,2,10,2007,PI432087,NA,113
Rawl22,2,10,2008,PI431642,NA,113
Rawl22,2,11,2010,PI431631,NA,108
Rawl22,2,11,2011,PI432201,NA,113
Rawl22,2,11,2012,PI374120,NA,113
Rawl22,2,12,2013,PI238758,NA,116
Rawl22,2,12,2014,PI432236,NA,113
Rawl22,2,12,2017,Maxim,NA,104
Rawl22,2,12,2018,W627762,NA,104
Rawl22,2,12,2019,PI472615,NA,104
Rawl22,2,12,2020,PI420929,NA,104
Rawl22,2,11,2021,PI472274,NA,104
Rawl22,2,11,2022,PI374121,NA,104
Rawl22,2,11,2023,W627780,NA,104
Rawl22,2,10,2026,PI432188,NA,106
Rawl22,2,10,2028,Maxim,NA,104
Rawl22,2,9,2029,PI299116,NA,106
Rawl22,2,9,2031,PI297754,NA,113
Rawl22,2,9,2033,PI431640,NA,113
Rawl22,2,9,2034,PI175754,NA,113
Rawl22,2,10,2037,PI432184,NA,104
Rawl22,2,10,2038,PI432085,NA,104
Rawl22,2,10,2039,PI432271,NA,106
Rawl22,2,10,2040,PI280686,NA,104
Rawl22,2,11,2043,PI312175,NA,106
Rawl22,2,11,2044,PI472549,NA,104
Rawl22,2,12,2046,PI320936,NA,104
Rawl22,2,12,2047,PI298122,NA,115
Rawl22,2,12,2048,PI472383,NA,104
Rawl22,2,12,2049,W627760,NA,104
Rawl22,2,12,2050,Maxim,NA,104
Rawl22,2,12,2052,PI431756,NA,108
Rawl22,2,11,2054,PI181886,NA,106
Rawl22,2,11,2056,PI477921,NA,108
Rawl22,2,10,2057,PI299207,NA,104
Rawl22,2,10,2058,W627754,NA,106
Rawl22,2,10,2059,PI370481,NA,113
Rawl22,2,10,2060,PI299120,NA,104
Rawl22,2,9,2061,PI431987,NA,108
Rawl22,2,9,2062,PI472629,NA,113
Rawl22,2,9,2063,PI320935,NA,104
Rawl22,2,9,2065,PI299215,NA,104
Rawl22,2,9,2066,PI368647,NA,115
Rawl22,2,9,2067,PI472122,NA,104
Rawl22,2,9,2068,PI299354,NA,106
Rawl22,2,10,2069,PI299163,NA,119
Rawl22,2,10,2070,PI472327,NA,104
Rawl22,2,10,2071,PI431717,NA,108
Rawl22,2,10,2072,PI431863,NA,113
Rawl22,2,11,2074,PI486127,NA,115
Rawl22,2,11,2075,PI251248,NA,104
Rawl22,2,11,2076,PI311107,NA,113
Rawl22,2,12,2077,PI431824,NA,104
Rawl22,2,12,2078,PI426784,NA,104
Rawl22,2,12,2079,PI212100,NA,106
Rawl22,2,12,2081,PI431768,NA,108
Rawl22,2,12,2083,PI472194,NA,104
Rawl22,2,12,2084,PI426202,NA,113
Rawl22,2,11,2085,Maxim,NA,108
Rawl22,2,11,2087,Maxim,NA,108
Rawl22,2,10,2089,PI432185,NA,113
Rawl22,2,10,2091,PI472136,NA,104
Rawl22,2,10,2092,PI431810,NA,106
Rawl22,2,9,2095,PI169534,NA,108
Rawl22,2,9,2096,Maxim,NA,104
Rawl22,2,9,2097,PI472569,NA,106
Rawl22,2,9,2098,Maxim,NA,108
Rawl22,2,9,2099,W627767,NA,104
Rawl22,2,9,2100,PI297284,NA,106
Rawl22,2,11,2106,PI468899,NA,115
Rawl22,2,11,2107,PI472224,NA,104
Rawl22,2,11,2108,PI458503,NA,113
Rawl22,2,12,2109,PI182217,NA,113
Rawl22,2,12,2110,PI297767,NA,116
Rawl22,2,12,2111,PI490289,NA,115
Rawl22,2,12,2112,PI244046,NA,104
Rawl22,2,12,2113,PI431884,NA,104
Rawl22,2,12,2115,W627766,NA,104
Rawl22,2,12,2116,PI472372,NA,104
Rawl22,2,11,2117,PI429369,NA,116
Rawl22,2,11,2118,PI472564,NA,106
Rawl22,2,11,2119,PI320953,NA,119
Rawl22,2,10,2121,PI299366,NA,106
Rawl22,2,10,2122,W627765,NA,104
Rawl22,2,10,2123,PI432145,NA,108
Rawl22,2,10,2124,Maxim,NA,115
Rawl22,2,9,2125,PI431731,NA,106
Rawl22,2,9,2126,PI472143,NA,108
Rawl22,2,9,2127,PI299371,NA,108
Rawl22,2,9,2128,PI193547,NA,115
Rawl22,2,9,2129,PI345627,NA,106
Rawl22,2,9,2130,PI289077,NA,104
Rawl22,2,10,2134,PI490288,NA,108
Rawl22,2,10,2136,PI320945,NA,113
Rawl22,2,11,2137,W627782,NA,104
Rawl22,2,11,2140,PI178940,NA,108
Rawl22,2,12,2142,PI273664,NA,119
Rawl22,2,12,2143,PI320944,NA,113
Rawl22,2,12,2144,PI299177,NA,116
Rawl22,2,12,2145,Maxim,NA,116
Rawl22,2,12,2146,PI178971,NA,106
Rawl22,2,12,2147,PI432106,NA,113
Rawl22,2,12,2148,W627781,NA,116
Rawl22,2,11,2149,Maxim,NA,113
Rawl22,2,11,2150,PI217949,NA,116
Rawl22,2,11,2151,PI472200,NA,104
Rawl22,2,11,2152,PI383682,NA,115
Rawl22,2,10,2153,PI320952,NA,116
Rawl22,2,10,2154,PI181771,NA,106
Rawl22,2,10,2155,PI298631,NA,108
Rawl22,2,10,2156,PI432286,NA,115
Rawl22,2,9,2157,PI431622,NA,113
Rawl22,2,9,2158,PI518734,NA,106
Rawl22,2,9,2160,PI472458,NA,104
Rawl22,2,13,2161,PI329169,NA,113
Rawl22,2,13,2163,W627758,NA,108
Rawl22,2,14,2165,PI297787,NA,108
Rawl22,2,14,2166,PI163589,NA,113
Rawl22,2,14,2167,PI179324,NA,108
Rawl22,2,14,2168,PI432212,NA,108
Rawl22,2,15,2169,PI298357,NA,106
Rawl22,2,15,2171,PI431656,NA,113
Rawl22,2,15,2172,PI432033,NA,108
Rawl22,2,16,2173,PI298644,NA,116
Rawl22,2,16,2174,Maxim,NA,108
Rawl22,2,16,2175,PI472175,NA,104
Rawl22,2,16,2176,PI320941,NA,119
Rawl22,2,16,2178,PI472559,NA,104
Rawl22,2,16,2179,PI339310,NA,113
Rawl22,2,16,2180,PI426778,NA,113
Rawl22,2,15,2181,PI468900,NA,108
Rawl22,2,15,2182,PI472562,NA,104
Rawl22,2,15,2183,PI471917,NA,108
Rawl22,2,14,2185,PI329167,NA,113
Rawl22,2,14,2186,PI472205,NA,104
Rawl22,2,14,2187,PI289079,NA,113
Rawl22,2,14,2188,Maxim,NA,113
Rawl22,2,13,2189,Maxim,NA,108
Rawl22,2,13,2191,Maxim,NA,115
Rawl22,2,13,2192,PI432147,NA,108
Rawl22,2,13,2193,W627759,NA,113
Rawl22,2,13,2194,Maxim,NA,108
Rawl22,2,13,2195,W627763,NA,116
Rawl22,2,13,2196,PI339283,NA,115
Rawl22,2,14,2197,PI357225,NA,108
Rawl22,2,14,2198,PI468902,NA,113
Rawl22,2,14,2200,PI320954,NA,108
Rawl22,2,15,2202,PI472588,NA,113
Rawl22,2,15,2203,PI368651,NA,116
Rawl22,2,15,2204,PI298023,NA,116
Rawl22,2,16,2205,PI432001,NA,113
Rawl22,2,16,2207,PI451763,NA,115
Rawl22,2,16,2208,Maxim,NA,108
Rawl22,2,16,2209,PI250158,NA,104
Rawl22,2,16,2210,PI343026,NA,108
Rawl22,2,16,2212,PI472488,NA,104
Rawl22,2,15,2213,PI379368,NA,108
Rawl22,2,15,2214,Maxim,NA,106
Rawl22,2,15,2216,PI298922,NA,113
Rawl22,2,14,2217,PI431643,NA,108
Rawl22,2,14,2219,PI508090,NA,108
Rawl22,2,14,2220,PI289070,NA,113
Rawl22,2,13,2222,Maxim,NA,108
Rawl22,2,13,2223,PI431679,NA,116
Rawl22,2,13,2224,PI432124,NA,106
Rawl22,2,13,2225,PI472416,NA,113
Rawl22,2,13,2226,PI211602,NA,113
Rawl22,2,13,2227,PI533693,NA,108
Rawl22,2,13,2228,PI431636,NA,113
Rawl22,2,14,2229,PI432071,NA,108
Rawl22,2,14,2230,PI472400,NA,104
Rawl22,2,14,2232,PI251032,NA,108
Rawl22,2,16,2237,PI432245,NA,106
Rawl22,2,16,2238,PI300250,NA,108
Rawl22,2,16,2239,Maxim,NA,108
Rawl22,2,16,2240,Maxim,NA,113
Rawl22,2,16,2241,PI429838,NA,108
Rawl22,2,16,2242,PI451766,NA,113
Rawl22,2,16,2243,PI297772,NA,116
Rawl22,2,16,2244,PI518733,NA,113
Rawl22,2,15,2245,PI472484,NA,104
Rawl22,2,15,2246,PI251784,NA,113
Rawl22,2,15,2247,PI250156,NA,108
Rawl22,2,14,2249,PI358602,NA,115
Rawl22,2,14,2250,PI339285,NA,108
Rawl22,2,14,2251,PI432237,NA,106
Rawl22,2,13,2254,PI299164,NA,108
Rawl22,2,13,2256,Maxim,NA,108
Rawl22,2,13,2257,PI486128,NA,104
Rawl22,2,13,2260,PI533688,NA,115
Rawl22,2,14,2261,PI329157,NA,108
Rawl22,2,14,2262,PI518732,NA,113
Rawl22,2,14,2263,PI298645,NA,108
Rawl22,2,15,2266,PI431666,NA,113
Rawl22,2,15,2267,Maxim,NA,113
Rawl22,2,15,2268,PI297287,NA,113
Rawl22,2,16,2270,PI207492,NA,106
Rawl22,2,16,2271,PI178939,NA,108
Rawl22,2,16,2272,PI432028,NA,113
Rawl22,2,16,2273,PI298923,NA,113
Rawl22,2,16,2274,PI431809,NA,106
Rawl22,2,16,2275,PI472161,NA,104
Rawl22,2,15,2278,PI297285,NA,113
Rawl22,2,15,2279,PI193548,NA,104
Rawl22,2,14,2281,PI472561,NA,104
Rawl22,2,14,2282,PI420924,NA,116
Rawl22,2,14,2283,PI374116,NA,113
Rawl22,2,14,2284,PI299285,NA,115
Rawl22,2,13,2285,PI431675,NA,108
Rawl22,2,13,2286,PI420925,NA,104
Rawl22,2,13,2287,PI533691,NA,108
Rawl22,2,13,2288,PI431613,NA,106
Rawl22,2,13,2291,PI299237,NA,113
Rawl22,2,14,2293,PI431630,NA,119
Rawl22,2,14,2294,PI472137,NA,104
Rawl22,2,14,2295,PI435954,NA,108
Rawl22,2,15,2297,PI431728,NA,106
Rawl22,2,15,2299,PI339289,NA,113
Rawl22,2,15,2300,W627756,NA,115
Rawl22,2,16,2301,PI431710,NA,108
Rawl22,2,16,2302,PI283604,NA,108
Rawl22,2,16,2303,PI432002,NA,119
Rawl22,2,16,2304,PI320937,NA,116
Rawl22,2,16,2305,PI431633,NA,108
Rawl22,2,16,2307,PI339292,NA,113
Rawl22,2,15,2309,PI289073,NA,113
Rawl22,2,15,2310,PI432190,NA,115
Rawl22,2,15,2311,PI431923,NA,119
Rawl22,2,15,2312,PI308614,NA,113
Rawl22,2,14,2313,PI299351,NA,113
Rawl22,2,14,2314,PI431618,NA,113
Rawl22,2,13,2317,PI431684,NA,116
Rawl22,2,13,2318,PI290716,NA,108
Rawl22,2,13,2319,PI431663,NA,116
Rawl23,1,1,1001,PI432185,67,127
Rawl23,1,1,1002,PI320936,77,127
Rawl23,1,1,1003,PI289079,80,127
Rawl23,1,1,1004,PI432201,80,127
Rawl23,1,1,1005,PI431613,75,127
Rawl23,1,2,1007,PI320952,93,127
Rawl23,1,2,1009,PI431679,80,127
Rawl23,1,2,1010,PI298645,80,127
Rawl23,1,NA,1011,PI477921,NA,NA
Rawl23,1,2,1013,PI472400,66,99
Rawl23,1,NA,1014,PI533688,NA,NA
Rawl23,1,NA,1015,PI298357,NA,NA
Rawl23,1,NA,1016,PI431710,NA,NA
Rawl23,1,NA,1017,Maxim,NA,NA
Rawl23,1,NA,1019,PI299351,NA,NA
Rawl23,1,NA,1020,PI472484,NA,NA
Rawl23,1,NA,1022,PI432271,NA,NA
Rawl23,1,NA,1023,PI472416,NA,NA
Rawl23,1,2,1024,PI432085,80,127
Rawl23,1,NA,1025,PI451763,NA,NA
Rawl23,1,2,1027,PI370481,80,127
Rawl23,1,2,1029,PI472488,66,98
Rawl23,1,1,1032,PI308614,80,127
Rawl23,1,1,1033,PI431643,80,127
Rawl23,1,1,1034,PI429369,75,127
Rawl23,1,1,1035,W627767,80,127
Rawl23,1,1,1036,W627766,66,99
Rawl23,1,1,1037,PI472615,66,127
Rawl23,1,1,1038,PI518732,80,127
Rawl23,1,1,1040,Maxim,80,127
Rawl23,1,1,1041,PI432286,80,127
Rawl23,1,1,1042,PI472629,80,127
Rawl23,1,2,1043,PI299285,80,127
Rawl23,1,2,1044,Maxim,80,127
Rawl23,1,2,1045,PI432033,80,127
Rawl23,1,2,1046,PI431631,80,127
Rawl23,1,NA,1047,PI472274,NA,NA
Rawl23,1,NA,1048,PI298023,NA,NA
Rawl23,1,2,1049,Maxim,80,127
Rawl23,1,NA,1051,PI298644,NA,NA
Rawl23,1,NA,1053,PI320944,NA,NA
Rawl23,1,NA,1054,Maxim,NA,NA
Rawl23,1,NA,1055,PI358602,NA,NA
Rawl23,1,NA,1056,PI533690,NA,NA
Rawl23,1,NA,1058,PI217949,NA,NA
Rawl23,1,NA,1059,PI299177,NA,NA
Rawl23,1,2,1060,PI431884,80,127
Rawl23,1,NA,1061,PI212100,NA,NA
Rawl23,1,NA,1062,PI533693,NA,NA
Rawl23,1,2,1063,PI297285,80,127
Rawl23,1,2,1065,PI420925,66,127
Rawl23,1,1,1067,PI374120,80,127
Rawl23,1,1,1069,PI533691,80,127
Rawl23,1,1,1071,PI299237,75,127
Rawl23,1,1,1072,PI431731,80,129
Rawl23,1,1,1074,PI486127,80,127
Rawl23,1,1,1075,PI486128,80,127
Rawl23,1,1,1076,PI451766,80,129
Rawl23,1,1,1077,PI432184,80,127
Rawl23,1,2,1079,PI432245,66,127
Rawl23,1,2,1080,PI343026,80,127
Rawl23,1,2,1082,PI299163,93,132
Rawl23,1,NA,1083,PI320954,NA,NA
Rawl23,1,NA,1084,PI320945,NA,NA
Rawl23,1,2,1085,PI432145,80,127
Rawl23,1,NA,1086,PI472205,NA,NA
Rawl23,1,NA,1087,PI299164,NA,NA
Rawl23,1,NA,1088,PI431717,NA,NA
Rawl23,1,NA,1089,PI432087,NA,NA
Rawl23,1,NA,1090,PI472458,NA,NA
Rawl23,1,NA,1092,PI273664,NA,NA
Rawl23,1,NA,1093,PI472175,NA,NA
Rawl23,1,NA,1095,W627762,NA,NA
Rawl23,1,NA,1097,W627756,NA,NA
Rawl23,1,2,1101,PI297754,80,130
Rawl23,1,2,1102,PI426784,66,98
Rawl23,1,1,1103,PI429838,80,129
Rawl23,1,1,1105,PI431863,80,129
Rawl23,1,1,1106,PI490289,80,129
Rawl23,1,1,1107,PI289070,80,129
Rawl23,1,1,1108,PI374121,80,127
Rawl23,1,3,1110,PI472122,66,98
Rawl23,1,3,1112,PI471917,80,129
Rawl23,1,3,1113,PI468900,80,129
Rawl23,1,3,1114,PI431824,80,127
Rawl23,1,4,1115,W627780,66,99
Rawl23,1,4,1116,PI472632,76,127
Rawl23,1,4,1117,PI169534,80,129
Rawl23,1,4,1119,PI432071,80,127
Rawl23,1,NA,1123,PI181771,NA,NA
Rawl23,1,NA,1124,PI468902,NA,NA
Rawl23,1,NA,1125,W627765,NA,NA
Rawl23,1,NA,1126,PI472383,NA,NA
Rawl23,1,NA,1127,PI472561,NA,NA
Rawl23,1,NA,1129,PI431810,NA,NA
Rawl23,1,NA,1130,PI175754,NA,NA
Rawl23,1,4,1132,PI432147,80,127
Rawl23,1,NA,1133,PI178971,NA,NA
Rawl23,1,4,1134,PI431622,80,127
Rawl23,1,4,1135,Maxim,102,132
Rawl23,1,4,1137,PI339283,80,129
Rawl23,1,4,1138,PI472137,80,129
Rawl23,1,3,1139,PI432001,80,131
Rawl23,1,3,1141,PI339310,76,130
Rawl23,1,3,1143,PI472569,66,99
Rawl23,1,3,1145,PI298923,89,129
Rawl23,1,3,1146,PI472327,66,98
Rawl23,1,3,1147,PI297787,80,129
Rawl23,1,3,1148,PI163589,80,130
Rawl23,1,3,1149,PI431809,80,127
Rawl23,1,3,1150,PI432212,80,129
Rawl23,1,4,1151,PI432236,66,97
Rawl23,1,4,1152,PI320941,94,129
Rawl23,1,4,1153,Maxim,80,127
Rawl23,1,4,1154,PI431923,80,130
Rawl23,1,4,1155,Maxim,80,127
Rawl23,1,NA,1156,PI426778,NA,NA
Rawl23,1,4,1157,PI383682,84,130
Rawl23,1,NA,1158,W627759,NA,NA
Rawl23,1,NA,1159,W627782,NA,NA
Rawl23,1,NA,1160,PI283604,NA,NA
Rawl23,1,NA,1161,PI320953,NA,NA
Rawl23,1,NA,1162,PI432106,NA,NA
Rawl23,1,NA,1163,PI472161,NA,NA
Rawl23,1,NA,1164,PI178940,NA,NA
Rawl23,1,NA,1165,PI432124,NA,NA
Rawl23,1,NA,1166,PI339289,NA,NA
Rawl23,1,NA,1167,PI472224,NA,NA
Rawl23,1,NA,1169,PI179324,NA,NA
Rawl23,1,4,1170,PI181886,80,129
Rawl23,1,4,1171,PI298631,80,129
Rawl23,1,4,1172,PI299120,80,129
Rawl23,1,4,1173,PI472143,80,130
Rawl23,1,3,1175,Maxim,80,129
Rawl23,1,3,1176,PI329157,80,129
Rawl23,1,3,1177,PI182217,80,127
Rawl23,1,3,1178,PI472588,76,129
Rawl23,1,3,1179,PI289077,66,129
Rawl23,1,3,1180,PI431987,80,127
Rawl23,1,3,1181,Maxim,80,127
Rawl23,1,3,1185,PI472549,66,97
Rawl23,1,3,1186,PI431756,82,129
Rawl23,1,NA,1187,PI339285,NA,NA
Rawl23,1,4,1188,PI297767,84,129
Rawl23,1,4,1189,PI426202,80,127
Rawl23,1,4,1191,Maxim,80,129
Rawl23,1,4,1193,PI420924,71,127
Rawl23,1,NA,1194,PI368647,NA,NA
Rawl23,1,NA,1195,W627760,NA,NA
Rawl23,1,NA,1196,Maxim,NA,NA
Rawl23,1,NA,1197,PI211602,NA,NA
Rawl23,1,NA,1198,PI472194,NA,NA
Rawl23,1,NA,1199,PI431666,NA,NA
Rawl23,1,NA,1200,PI472372,NA,NA
Rawl23,1,NA,1201,PI178939,NA,NA
Rawl23,1,NA,1202,Maxim,NA,NA
Rawl23,1,4,1206,PI432190,80,129
Rawl23,1,4,1207,Maxim,80,127
Rawl23,1,4,1209,PI431618,75,127
Rawl23,1,NA,1210,PI345627,NA,NA
Rawl23,1,3,1211,W627754,80,129
Rawl23,1,3,1212,PI311107,85,129
Rawl23,1,3,1213,Maxim,80,127
Rawl23,1,3,1216,PI472562,66,95
Rawl23,1,5,1218,PI329167,80,127
Rawl23,1,5,1219,PI193548,66,98
Rawl23,1,5,1220,PI207492,80,129
Rawl23,1,NA,1223,PI432188,NA,NA
Rawl23,1,6,1224,PI432237,70,127
Rawl23,1,6,1226,Maxim,80,129
Rawl23,1,6,1227,PI431656,76,127
Rawl23,1,6,1228,PI312175,80,127
Rawl23,1,6,1229,PI320935,80,129
Rawl23,1,NA,1230,PI250156,NA,NA
Rawl23,1,NA,1231,PI420929,NA,NA
Rawl23,1,NA,1232,PI379368,NA,NA
Rawl23,1,NA,1233,PI250158,NA,NA
Rawl23,1,NA,1234,PI297287,NA,NA
Rawl23,1,NA,1235,PI374116,NA,NA
Rawl23,1,NA,1236,PI472200,NA,NA
Rawl23,1,NA,1237,PI238758,NA,NA
Rawl23,1,NA,1238,Maxim,NA,NA
Rawl23,1,NA,1239,PI299354,NA,NA
Rawl23,1,6,1241,PI357225,80,127
Rawl23,1,6,1242,PI431633,76,127
Rawl23,1,6,1244,Maxim,80,127
Rawl23,1,6,1245,PI472559,66,98
Rawl23,1,NA,1246,PI426803,NA,NA
Rawl23,1,5,1248,PI299215,80,129
Rawl23,1,5,1249,PI490288,80,127
Rawl23,1,5,1250,Maxim,80,127
Rawl23,1,5,1251,PI251032,80,129
Rawl23,1,5,1252,PI432005,75,129
Rawl23,1,5,1253,Maxim,80,127
Rawl23,1,5,1254,PI458503,80,127
Rawl23,1,5,1256,PI329169,80,127
Rawl23,1,NA,1259,PI472136,NA,NA
Rawl23,1,6,1260,Maxim,NA,NA
Rawl23,1,6,1261,PI300250,80,127
Rawl23,1,6,1263,PI431640,80,129
Rawl23,1,6,1264,PI299366,76,127
Rawl23,1,NA,1266,PI518734,NA,NA
Rawl23,1,NA,1267,PI299371,NA,NA
Rawl23,1,NA,1268,PI431642,NA,NA
Rawl23,1,NA,1270,PI298922,NA,NA
Rawl23,1,NA,1271,PI280686,NA,NA
Rawl23,1,6,1276,W627763,66,127
Rawl23,1,6,1277,PI435954,80,129
Rawl23,1,6,1278,PI193547,80,129
Rawl23,1,6,1279,PI431728,80,129
Rawl23,1,6,1281,PI518733,80,127
Rawl23,1,NA,1282,PI299116,NA,NA
Rawl23,1,5,1283,Maxim,80,129
Rawl23,1,5,1288,PI431663,80,127
Rawl23,1,5,1290,PI320937,82,129
Rawl23,1,5,1292,PI368651,75,129
Rawl23,1,5,1293,PI508090,80,129
Rawl23,1,5,1294,PI431684,80,129
Rawl23,1,NA,1295,PI472564,NA,NA
Rawl23,1,6,1296,PI431675,80,129
Rawl23,1,6,1297,W627781,80,129
Rawl23,1,6,1298,PI431630,93,129
Rawl23,1,6,1299,Maxim,80,129
Rawl23,1,NA,1302,PI432028,NA,NA
Rawl23,1,NA,1303,PI251784,NA,NA
Rawl23,1,NA,1305,PI297284,NA,NA
Rawl23,1,NA,1308,PI289073,NA,NA
Rawl23,1,NA,1309,PI298122,NA,NA
Rawl23,1,NA,1310,PI299207,NA,NA
Rawl23,1,NA,1311,PI468899,NA,NA
Rawl23,1,6,1312,PI290716,80,129
Rawl23,1,6,1313,W627758,80,129
Rawl23,1,6,1315,PI251248,66,99
Rawl23,1,6,1317,Maxim,80,127
Rawl23,1,NA,1318,PI432002,NA,NA
Rawl23,1,5,1319,PI431636,76,129
Rawl23,1,5,1321,PI297772,88,129
Rawl23,1,5,1322,Maxim,80,129
Rawl23,1,5,1323,Maxim,80,129
Rawl23,1,5,1324,PI431768,71,127
Rawl23,2,7,1327,PI250158,66,97
Rawl23,2,7,1330,PI368647,82,126
Rawl23,2,8,1332,PI299371,82,126
Rawl23,2,8,1333,PI320941,93,133
Rawl23,2,8,1334,PI297754,81,130
Rawl23,2,8,1336,PI533690,76,NA
Rawl23,2,8,1337,Maxim,80,130
Rawl23,2,NA,1338,PI432124,NA,NA
Rawl23,2,NA,1340,PI299285,NA,NA
Rawl23,2,NA,1341,PI472488,NA,NA
Rawl23,2,NA,1343,PI250156,NA,NA
Rawl23,2,NA,1344,PI472137,NA,NA
Rawl23,2,NA,1345,PI211602,NA,NA
Rawl23,2,8,1348,PI432212,80,133
Rawl23,2,8,1349,PI299120,80,126
Rawl23,2,8,1351,PI299354,87,135
Rawl23,2,8,1352,PI320944,80,126
Rawl23,2,NA,1354,PI432087,NA,NA
Rawl23,2,7,1355,PI181771,80,122
Rawl23,2,7,1356,Maxim,80,124
Rawl23,2,7,1357,PI299116,80,122
Rawl23,2,7,1358,PI298645,81,128
Rawl23,2,7,1359,W627756,93,128
Rawl23,2,7,1361,PI432085,77,134
Rawl23,2,7,1362,PI178971,80,125
Rawl23,2,7,1363,PI280686,72,121
Rawl23,2,7,1365,PI299177,82,131
Rawl23,2,7,1366,PI472327,66,97
Rawl23,2,NA,1367,Maxim,NA,NA
Rawl23,2,8,1368,PI431684,81,131
Rawl23,2,8,1369,PI420929,80,121
Rawl23,2,8,1370,PI486127,80,133
Rawl23,2,8,1371,Maxim,80,128
Rawl23,2,8,1372,PI289073,80,128
Rawl23,2,8,1373,PI320952,93,133
Rawl23,2,NA,1374,PI238758,NA,NA
Rawl23,2,NA,1375,PI431618,NA,NA
Rawl23,2,NA,1376,Maxim,NA,NA
Rawl23,2,NA,1379,PI472561,NA,NA
Rawl23,2,NA,1380,Maxim,NA,NA
Rawl23,2,NA,1381,Maxim,NA,NA
Rawl23,2,NA,1382,PI299366,NA,NA
Rawl23,2,NA,1383,PI251032,NA,NA
Rawl23,2,8,1385,PI379368,80,128
Rawl23,2,8,1386,PI383682,86,135
Rawl23,2,8,1387,PI468899,84,133
Rawl23,2,8,1388,Maxim,81,128
Rawl23,2,8,1389,PI297284,81,128
Rawl23,2,7,1391,PI431613,75,123
Rawl23,2,7,1392,PI289077,69,123
Rawl23,2,7,1393,PI533693,81,123
Rawl23,2,7,1394,W627765,66,97
Rawl23,2,7,1396,PI472205,66,99
Rawl23,2,7,1397,PI339283,85,130
Rawl23,2,7,1398,Maxim,81,125
Rawl23,2,7,1401,PI320953,93,135
Rawl23,2,7,1402,PI178939,82,133
Rawl23,2,8,1407,PI432188,76,135
Rawl23,2,8,1408,PI426202,68,NA
Rawl23,2,8,1409,PI179324,87,131
Rawl23,2,NA,1411,PI374120,NA,NA
Rawl23,2,NA,1412,PI451763,NA,NA
Rawl23,2,NA,1413,W627758,NA,NA
Rawl23,2,NA,1414,PI508090,NA,NA
Rawl23,2,NA,1415,Maxim,NA,NA
Rawl23,2,NA,1416,PI357225,NA,NA
Rawl23,2,NA,1417,PI299164,NA,NA
Rawl23,2,NA,1418,PI339310,NA,NA
Rawl23,2,NA,1419,PI329169,NA,NA
Rawl23,2,8,1420,PI431923,89,134
Rawl23,2,8,1422,PI169534,80,131
Rawl23,2,8,1423,PI420924,71,122
Rawl23,2,8,1424,Maxim,81,130
Rawl23,2,NA,1426,PI374121,NA,NA
Rawl23,2,7,1427,PI432271,81,126
Rawl23,2,7,1428,PI431679,85,130
Rawl23,2,7,1429,PI472224,66,96
Rawl23,2,7,1430,Maxim,82,123
Rawl23,2,7,1432,PI299237,81,128
Rawl23,2,9,1433,PI431663,81,123
Rawl23,2,9,1434,PI431710,83,128
Rawl23,2,9,1435,PI311107,85,130
Rawl23,2,9,1436,PI429838,81,128
Rawl23,2,9,1437,PI300250,80,125
Rawl23,2,9,1438,PI320954,81,130
Rawl23,2,10,1440,PI518732,81,128
Rawl23,2,10,1443,PI431987,77,123
Rawl23,2,10,1444,PI368651,80,130
Rawl23,2,10,1445,PI472122,66,96
Rawl23,2,NA,1447,PI426778,NA,NA
Rawl23,2,NA,1448,PI175754,NA,NA
Rawl23,2,NA,1449,W627760,NA,NA
Rawl23,2,NA,1450,PI431656,NA,NA
Rawl23,2,NA,1451,PI298357,NA,NA
Rawl23,2,NA,1452,PI320935,NA,NA
Rawl23,2,NA,1454,PI426784,NA,NA
Rawl23,2,10,1456,PI431810,80,123
Rawl23,2,10,1457,Maxim,81,135
Rawl23,2,10,1459,PI431731,82,135
Rawl23,2,10,1460,W627767,80,121
Rawl23,2,10,1461,PI432005,76,131
Rawl23,2,NA,1462,Maxim,NA,NA
Rawl23,2,9,1463,PI163589,87,131
Rawl23,2,9,1464,PI472632,72,130
Rawl23,2,9,1465,PI472458,66,97
Rawl23,2,9,1466,PI472372,66,98
Rawl23,2,9,1467,PI432002,87,123
Rawl23,2,9,1468,PI472588,81,121
Rawl23,2,9,1469,PI490288,81,125
Rawl23,2,9,1471,PI297772,81,130
Rawl23,2,9,1473,Maxim,81,125
Rawl23,2,9,1474,PI370481,88,131
Rawl23,2,NA,1475,PI472143,NA,NA
Rawl23,2,10,1478,PI472136,66,96
Rawl23,2,10,1479,PI472400,66,99
Rawl23,2,10,1480,PI298644,85,128
Rawl23,2,NA,1482,W627780,NA,NA
Rawl23,2,NA,1483,PI299163,NA,NA
Rawl23,2,NA,1484,Maxim,NA,NA
Rawl23,2,NA,1485,PI358602,NA,NA
Rawl23,2,NA,1486,PI490289,NA,NA
Rawl23,2,NA,1487,PI297787,NA,NA
Rawl23,2,NA,1488,Maxim,NA,NA
Rawl23,2,NA,1489,W627766,NA,NA
Rawl23,2,NA,1490,PI472559,NA,NA
Rawl23,2,NA,1491,PI472194,NA,NA
Rawl23,2,10,1492,PI432145,84,128
Rawl23,2,10,1493,PI431622,72,123
Rawl23,2,10,1495,PI217949,66,NA
Rawl23,2,10,1496,PI468902,81,128
Rawl23,2,10,1497,PI312175,66,125
Rawl23,2,NA,1498,PI290716,NA,NA
Rawl23,2,9,1499,PI339289,84,128
Rawl23,2,9,1500,PI320937,85,131
Rawl23,2,9,1501,PI435954,76,128
Rawl23,2,9,1504,PI289070,81,128
Rawl23,2,9,1505,Maxim,81,128
Rawl23,2,9,1507,PI429369,80,126
Rawl23,2,9,1509,PI431756,83,128
Rawl23,2,9,1510,Maxim,81,126
Rawl23,2,NA,1511,PI283604,NA,NA
Rawl23,2,10,1512,PI431630,93,135
Rawl23,2,10,1513,PI471917,81,130
Rawl23,2,10,1516,PI432237,84,128
Rawl23,2,10,1517,PI299207,89,128
Rawl23,2,NA,1518,PI289079,NA,NA
Rawl23,2,NA,1519,PI486128,NA,NA
Rawl23,2,NA,1522,PI273664,NA,NA
Rawl23,2,NA,1523,PI472629,NA,NA
Rawl23,2,NA,1524,PI297285,NA,NA
Rawl23,2,10,1531,PI432106,84,133
Rawl23,2,10,1532,PI207492,81,124
Rawl23,2,10,1533,PI431636,80,123
Rawl23,2,9,1535,PI431675,81,129
Rawl23,2,9,1537,PI329157,80,130
Rawl23,2,9,1538,PI431728,81,128
Rawl23,2,9,1540,PI432184,81,128
Rawl23,2,11,1542,PI320936,87,126
Rawl23,2,11,1543,W627782,66,98
Rawl23,2,NA,1547,PI339285,NA,NA
Rawl23,2,12,1548,PI472562,66,92
Rawl23,2,12,1550,PI374116,81,130
Rawl23,2,12,1551,PI431640,84,128
Rawl23,2,12,1552,PI432147,85,133
Rawl23,2,NA,1554,PI472615,NA,NA
Rawl23,2,NA,1555,Maxim,NA,NA
Rawl23,2,NA,1557,PI193547,NA,NA
Rawl23,2,NA,1559,PI193548,NA,NA
Rawl23,2,NA,1560,PI299351,NA,NA
Rawl23,2,NA,1561,PI431768,NA,NA
Rawl23,2,NA,1562,PI345627,NA,NA
Rawl23,2,NA,1563,PI431642,NA,NA
Rawl23,2,12,1564,PI343026,85,128
Rawl23,2,12,1565,PI432001,66,98
Rawl23,2,12,1566,W627762,76,NA
Rawl23,2,12,1567,PI426803,66,98
Rawl23,2,12,1568,PI533691,80,130
Rawl23,2,12,1569,PI431824,81,130
Rawl23,2,NA,1570,PI472564,NA,NA
Rawl23,2,11,1572,PI472549,66,99
Rawl23,2,11,1573,PI431809,80,125
Rawl23,2,11,1574,PI432185,76,126
Rawl23,2,11,1575,PI178940,81,130
Rawl23,2,11,1576,PI432033,80,123
Rawl23,2,11,1577,PI472200,66,NA
Rawl23,2,11,1580,PI420925,70,121
Rawl23,2,11,1581,W627754,83,130
Rawl23,2,11,1582,PI298122,81,130
Rawl23,2,12,1584,PI533688,87,128
Rawl23,2,12,1585,W627759,81,130
Rawl23,2,12,1586,PI320945,84,128
Rawl23,2,12,1587,PI468900,81,128
Rawl23,2,12,1588,PI472274,87,132
Rawl23,2,NA,1590,PI251784,NA,NA
Rawl23,2,NA,1591,PI329167,NA,NA
Rawl23,2,NA,1592,PI182217,NA,NA
Rawl23,2,NA,1594,PI431643,NA,NA
Rawl23,2,NA,1595,PI477921,NA,NA
Rawl23,2,NA,1596,PI432190,NA,NA
Rawl23,2,NA,1597,PI298923,NA,NA
Rawl23,2,NA,1598,PI472484,NA,NA
Rawl23,2,NA,1599,PI297287,NA,NA
Rawl23,2,12,1600,PI432071,89,128
Rawl23,2,12,1601,PI298023,88,127
Rawl23,2,12,1602,Maxim,80,128
Rawl23,2,12,1603,PI431717,83,128
Rawl23,2,12,1604,W627763,72,126
Rawl23,2,12,1605,PI432028,85,124
Rawl23,2,NA,1606,PI518734,NA,NA
Rawl23,2,11,1607,PI431884,85,128
Rawl23,2,11,1609,PI297767,93,131
Rawl23,2,11,1611,PI298631,83,130
Rawl23,2,11,1612,Maxim,81,128
Rawl23,2,11,1615,PI432245,66,124
Rawl23,2,11,1616,PI432236,81,131
Rawl23,2,11,1617,PI518733,85,130
Rawl23,2,11,1618,PI181886,85,128
Rawl23,2,NA,1619,Maxim,NA,NA
Rawl23,2,12,1621,PI308614,81,128
Rawl23,2,12,1622,PI298922,84,131
Rawl23,2,12,1623,PI299215,81,130
Rawl23,2,12,1624,Maxim,87,130
Rawl23,2,12,1625,W627781,93,132
Rawl23,2,NA,1626,PI472569,NA,NA
Rawl23,2,NA,1627,PI432286,NA,NA
Rawl23,2,NA,1629,PI431863,NA,NA
Rawl23,2,NA,1632,PI451766,NA,NA
Rawl23,2,NA,1633,PI472161,NA,NA
Rawl23,2,NA,1634,Maxim,NA,NA
Rawl23,2,NA,1635,Maxim,NA,NA
Rawl23,2,12,1636,PI458503,80,128
Rawl23,2,12,1638,PI432201,80,130
Rawl23,2,12,1639,PI472383,66,97
Rawl23,2,12,1640,PI431633,80,128
Rawl23,2,12,1641,PI431631,80,130
Rawl23,2,NA,1642,PI212100,NA,NA
Rawl23,2,11,1644,PI431666,81,124
Rawl23,2,11,1645,PI472416,66,97
Rawl23,2,11,1647,PI472175,66,97
Rawl24,1,1,2002,Maxim,82,121
Rawl24,1,1,2003,PI299177,88,126
Rawl24,1,1,2004,PI472327,66,96
Rawl24,1,1,2005,Maxim,84,121
Rawl24,1,1,2007,ILL2231,74,121
Rawl24,1,1,2008,PI472416,66,96
Rawl24,1,1,2009,PI289073,82,126
Rawl24,1,1,2010,PI431824,82,126
Rawl24,1,1,2012,PI320945,88,121
Rawl24,1,1,2013,PI432145,85,108
Rawl24,1,1,2014,PI181771,74,120
Rawl24,1,1,2015,PI472588,82,115
Rawl24,1,1,2016,PI472629,74,121
Rawl24,1,1,2018,PI299164,74,121
Rawl24,1,1,2020,PI432002,88,121
Rawl24,1,2,2021,PI289077,72,106
Rawl24,1,2,2022,PI339289,85,121
Rawl24,1,2,2023,PI289079,88,121
Rawl24,1,2,2024,Maxim,82,121
Rawl24,1,2,2025,ILL918,74,126
Rawl24,1,2,2026,PI432085,74,121
Rawl24,1,2,2027,ILL6493,71,101
Rawl24,1,2,2028,PI175754,78,121
Rawl24,1,2,2029,Maxim,77,121
Rawl24,1,2,2030,PI426778,89,121
Rawl24,1,2,2031,PI432190,85,121
Rawl24,1,2,2032,PI451766,86,121
Rawl24,1,2,2033,ILL6644,73,120
Rawl24,1,2,2034,PI319367,74,121
Rawl24,1,2,2038,Maxim,78,121
Rawl24,1,2,2040,PI490288,88,126
Rawl24,1,3,2044,Maxim,84,121
Rawl24,1,3,2046,PI251248,51,110
Rawl24,1,3,2047,Maxim,82,121
Rawl24,1,3,2049,ILL6925,66,106
Rawl24,1,3,2050,Maxim,74,121
Rawl24,1,3,2051,PI432124,82,126
Rawl24,1,3,2052,ILL2406,84,121
Rawl24,1,3,2053,PI289070,84,121
Rawl24,1,3,2054,ILL7070,75,121
Rawl24,1,3,2055,ILL5424,74,110
Rawl24,1,3,2056,ILL7437,75,110
Rawl24,1,3,2057,PI217949,74,120
Rawl24,1,3,2058,PI472383,53,96
Rawl24,1,3,2059,Maxim,87,121
Rawl24,1,3,2060,PI429838,88,126
Rawl24,1,4,2061,Maxim,77,121
Rawl24,1,4,2062,PI432188,82,121
Rawl24,1,4,2063,PI508090,78,121
Rawl24,1,4,2064,PI431728,75,121
Rawl24,1,4,2065,PI486127,84,115
Rawl24,1,4,2067,PI320935,74,126
Rawl24,1,4,2070,PI432286,75,126
Rawl24,1,4,2072,PI431631,78,121
Rawl24,1,4,2074,PI212100,76,110
Rawl24,1,4,2075,PI431717,106,121
Rawl24,1,4,2077,PI299237,74,115
Rawl24,1,4,2078,PI477921,76,121
Rawl24,1,5,2081,PI339292,88,121
Rawl24,1,5,2082,Maxim,84,121
Rawl24,1,5,2083,PI431884,78,120
Rawl24,1,5,2084,ILL4875,96,121
Rawl24,1,5,2087,ILL1671,78,121
Rawl24,1,5,2088,PI472484,66,96
Rawl24,1,5,2089,PI320944,84,126
Rawl24,1,5,2093,ILL3517,74,101
Rawl24,1,5,2095,ILL890,73,120
Rawl24,1,5,2096,PI420929,84,101
Rawl24,1,5,2097,PI297787,84,115
Rawl24,1,5,2098,PI207492,74,123
Rawl24,1,5,2099,ILL4606,73,121
Rawl24,1,5,2100,PI339310,74,121
Rawl24,1,6,2101,PI299207,75,120
Rawl24,1,6,2102,PI290716,88,121
Rawl24,1,6,2103,W627767,74,110
Rawl24,1,6,2104,PI297287,86,121
Rawl24,1,6,2105,PI472372,73,96
Rawl24,1,6,2107,PI518732,80,120
Rawl24,1,6,2108,ILL858,74,126
Rawl24,1,6,2109,ILL1649,85,121
Rawl24,1,6,2113,ILL4899,88,126
Rawl24,1,6,2114,PI244046,74,121
Rawl24,1,6,2115,W627765,62,96
Rawl24,1,6,2116,Maxim,82,121
Rawl24,1,6,2117,ILL5639,74,110
Rawl24,1,6,2118,W627766,66,96
Rawl24,1,7,2121,PI472161,56,96
Rawl24,1,7,2123,ILL1097,83,121
Rawl24,1,7,2124,ILL7774,51,96
Rawl24,1,7,2125,PI432033,76,121
Rawl24,1,7,2127,PI298357,74,126
Rawl24,1,7,2129,PI432106,88,121
Rawl24,1,7,2130,Maxim,82,121
Rawl24,1,7,2132,PI431633,82,121
Rawl24,1,7,2133,PI320954,82,121
Rawl24,1,7,2134,Maxim,84,121
Rawl24,1,7,2135,ILL4409,87,126
Rawl24,1,7,2136,PI298023,87,115
Rawl24,1,7,2138,PI431613,76,121
Rawl24,1,7,2139,ILL4164,74,106
Rawl24,1,7,2140,ILL2181,78,121
Rawl24,1,8,2141,ILL4831,64,104
Rawl24,1,8,2142,Maxim,76,121
Rawl24,1,8,2143,W627760,74,106
Rawl24,1,8,2144,PI431618,84,115
Rawl24,1,8,2145,ILL6149,74,110
Rawl24,1,8,2146,ILL5151,74,115
Rawl24,1,8,2149,PI320953,93,126
Rawl24,1,8,2150,PI431756,102,121
Rawl24,1,8,2151,PI343025,66,110
Rawl24,1,8,2153,PI472562,66,96
Rawl24,1,8,2154,ILL5533,75,120
Rawl24,1,8,2156,ILL7789,84,121
Rawl24,1,8,2157,PI472400,51,96
Rawl24,1,8,2159,PI518733,88,121
Rawl24,1,8,2160,ILL7745,74,115
Rawl24,1,9,2162,PI468899,84,121
Rawl24,1,9,2163,ILL3487,67,96
Rawl24,1,9,2164,PI299354,88,121
Rawl24,1,9,2165,Maxim,84,121
Rawl24,1,9,2166,PI431656,78,120
Rawl24,1,9,2167,PI312175,68,115
Rawl24,1,9,2172,Maxim,84,121
Rawl24,1,9,2173,PI472137,66,96
Rawl24,1,9,2174,W627756,88,121
Rawl24,1,9,2175,ILL5645,76,121
Rawl24,1,9,2176,PI368651,58,121
Rawl24,1,9,2178,Maxim,78,121
Rawl24,1,9,2179,ILL5519,74,120
Rawl24,1,9,2180,PI486128,87,121
Rawl24,1,10,2181,PI177442,86,121
Rawl24,1,10,2182,PI329167,74,120
Rawl24,1,10,2183,Maxim,78,121
Rawl24,1,10,2184,ILL7650,71,101
Rawl24,1,10,2185,PI308614,74,106
Rawl24,1,10,2187,PI311107,89,126
Rawl24,1,10,2188,Maxim,84,121
Rawl24,1,10,2190,PI431666,77,121
Rawl24,1,10,2195,PI432185,74,110
Rawl24,1,10,2197,PI357226,82,121
Rawl24,1,10,2198,ILL5505,71,106
Rawl24,1,10,2199,Maxim,84,121
Rawl24,1,11,2202,PI299366,88,126
Rawl24,1,11,2204,Maxim,84,121
Rawl24,1,11,2205,PI345638,66,96
Rawl24,1,11,2206,PI297754,76,121
Rawl24,1,11,2207,Maxim,84,121
Rawl24,1,11,2208,PI299120,74,121
Rawl24,1,11,2209,ILL4782,82,121
Rawl24,1,11,2211,W627758,74,121
Rawl24,1,11,2212,ILL4774,75,120
Rawl24,1,11,2214,PI339285,88,120
Rawl24,1,11,2215,PI472564,77,106
Rawl24,1,11,2216,PI431710,84,121
Rawl24,1,11,2217,PI432201,77,126
Rawl24,1,11,2219,Maxim,86,121
Rawl24,1,11,2220,ILL1959,73,101
Rawl24,1,11,2221,PI472458,51,96
Rawl24,1,12,2222,ILL5553,66,96
Rawl24,1,12,2223,PI472143,76,126
Rawl24,1,12,2224,ILL7084,74,121
Rawl24,1,12,2225,PI432184,74,120
Rawl24,1,12,2226,ILL5416,87,126
Rawl24,1,12,2229,PI432071,76,126
Rawl24,1,12,2230,PI320936,74,110
Rawl24,1,12,2231,Maxim,85,121
Rawl24,1,12,2232,PI533693,84,121
Rawl24,1,12,2234,PI298122,88,121
Rawl24,1,12,2235,ILL2297,74,126
Rawl24,1,12,2236,PI299285,88,126
Rawl24,1,12,2237,Maxim,84,121
Rawl24,1,12,2238,Maxim,84,121
Rawl24,1,12,2239,PI280686,70,120
Rawl24,1,12,2240,Maxim,84,121
Rawl24,1,12,2241,PI472549,66,104
Rawl24,1,13,2243,ILL7090,74,110
Rawl24,1,13,2244,Maxim,82,121
Rawl24,1,13,2245,PI345627,88,121
Rawl24,1,13,2246,Maxim,80,121
Rawl24,1,13,2249,PI432147,89,121
Rawl24,1,13,2250,ILL5028,74,115
Rawl24,1,13,2251,ILL6350,70,101
Rawl24,1,13,2253,PI283604,88,121
Rawl24,1,13,2254,Maxim,82,121
Rawl24,1,13,2256,ILL956,88,120
Rawl24,1,13,2257,ILL4791,74,106
Rawl24,1,13,2259,Maxim,84,121
Rawl24,1,13,2260,PI320952,93,121
Rawl24,1,13,2261,PI182217,75,121
Rawl24,1,14,2262,PI431809,84,121
Rawl24,1,14,2263,PI251032,75,121
Rawl24,1,14,2264,Maxim,84,121
Rawl24,1,14,2265,W627759,76,121
Rawl24,1,14,2266,ILL4671,82,121
Rawl24,1,14,2269,PI431679,80,120
Rawl24,1,14,2270,PI533688,88,121
Rawl24,1,14,2271,PI297767,87,121
Rawl24,1,14,2272,PI297285,75,121
Rawl24,1,14,2274,ILL7108,74,106
Rawl24,1,14,2276,PI211602,88,115
Rawl24,1,14,2278,PI165586,74,110
Rawl24,1,14,2281,ILL4345,73,101
Rawl24,1,14,2282,Maxim,82,121
Rawl24,1,15,2285,ILL4781,88,121
Rawl24,1,15,2286,ILL4900,74,106
Rawl24,1,15,2288,PI472224,66,96
Rawl24,1,15,2289,PI472205,55,96
Rawl24,1,15,2290,PI300250,74,101
Rawl24,1,15,2293,PI420925,75,101
Rawl24,1,15,2294,Maxim,82,121
Rawl24,1,15,2295,ILL7727,73,96
Rawl24,1,15,2296,PI518734,82,121
Rawl24,1,15,2297,PI343026,77,110
Rawl24,1,15,2299,PI178971,74,115
Rawl24,1,15,2300,Maxim,76,121
Rawl24,1,15,2301,PI329158,80,121
Rawl24,1,15,2303,PI299215,76,120
Rawl24,1,15,2304,W627763,73,106
Rawl24,1,16,2306,Maxim,84,121
Rawl24,1,16,2307,PI472615,71,110
Rawl24,1,16,2309,PI472175,62,96
Rawl24,1,16,2310,PI298644,88,126
Rawl24,1,16,2311,PI298631,80,121
Rawl24,1,16,2314,PI472569,74,120
Rawl24,1,16,2315,Maxim,82,121
Rawl24,1,16,2316,PI431640,74,115
Rawl24,1,16,2317,PI229611,67,101
Rawl24,1,16,2318,Maxim,85,121
Rawl24,1,16,2319,Maxim,84,121
Rawl24,1,16,2320,PI370636,75,123
Rawl24,1,16,2321,ILL4915,75,110
Rawl24,1,16,2322,Maxim,82,121
Rawl24,1,16,2325,PI299116,74,110
Rawl24,1,17,2326,PI472136,66,96
Rawl24,1,17,2327,PI431630,88,121
Rawl24,1,17,2328,PI432236,89,120
Rawl24,1,17,2329,Maxim,82,121
Rawl24,1,17,2330,W627754,104,126
Rawl24,1,17,2331,ILL6528,75,110
Rawl24,1,17,2332,PI432001,63,96
Rawl24,1,17,2333,PI431684,106,126
Rawl24,1,17,2334,ILL4738,75,123
Rawl24,1,17,2336,Maxim,87,121
Rawl24,1,17,2337,PI193547,74,115
Rawl24,1,17,2339,PI298645,82,121
Rawl24,1,17,2340,PI299351,89,115
Rawl24,1,17,2341,ILL5261,74,106
Rawl24,1,17,2342,PI431643,78,126
Rawl24,1,17,2343,PI431863,87,121
Rawl24,1,17,2344,PI181886,84,121
Rawl24,1,18,2346,Maxim,86,121
Rawl24,1,18,2349,PI178940,87,126
Rawl24,1,18,2351,PI289069,74,120
Rawl24,1,18,2353,Maxim,82,121
Rawl24,1,18,2354,PI179324,87,121
Rawl24,1,18,2355,PI374116,84,121
Rawl24,1,18,2356,W627780,66,101
Rawl24,1,18,2357,PI431810,88,121
Rawl24,1,18,2358,PI298922,88,126
Rawl24,1,18,2359,PI431663,88,121
Rawl24,1,18,2360,PI429369,82,115
Rawl24,1,18,2362,ILL6406,74,120
Rawl24,1,18,2364,PI472632,74,110
Rawl24,1,18,2365,PI339279,70,104
Rawl24,1,19,2366,W627782,66,96
Rawl24,1,19,2367,ILL5509,75,110
Rawl24,1,19,2369,PI472200,55,110
Rawl24,1,19,2372,ILL5956,64,96
Rawl24,1,19,2373,PI193548,66,96
Rawl24,1,19,2374,PI432087,74,110
Rawl24,1,19,2375,PI432237,74,123
Rawl24,1,19,2376,PI533691,87,126
Rawl24,1,19,2377,PI329157,74,120
Rawl24,1,19,2378,ILL1706,66,96
Rawl24,1,19,2379,PI250156,76,120
Rawl24,1,19,2380,Maxim,75,121
Rawl24,1,19,2382,ILL4956,75,106
Rawl24,1,19,2383,PI339283,82,115
Rawl24,1,19,2385,PI374121,74,115
Rawl24,1,20,2386,ILL840,73,101
Rawl24,1,20,2387,PI238758,89,121
Rawl24,1,20,2388,Maxim,89,121
Rawl24,1,20,2389,Maxim,77,121
Rawl24,1,20,2390,ILL5968,75,110
Rawl24,1,20,2391,PI320937,89,121
Rawl24,1,20,2393,PI163589,88,121
Rawl24,1,20,2394,ILL5384,71,101
Rawl24,1,20,2395,PI432271,77,126
Rawl24,1,20,2396,PI472122,60,96
Rawl24,1,20,2397,PI472488,66,96
Rawl24,1,20,2398,PI299371,87,126
Rawl24,1,20,2399,Maxim,82,121
Rawl24,1,20,2400,Maxim,78,121
Rawl24,1,20,2402,ILL1890,85,121
Rawl24,1,20,2403,ILL4830,66,96
Rawl24,1,20,2404,PI374120,74,126
Rawl24,1,20,2405,PI431731,88,121
Rawl24,1,21,2406,PI329169,74,115
Rawl24,1,21,2407,W627762,70,98.5
Rawl24,1,21,2408,PI357225,89,121
Rawl24,1,21,2409,PI358602,88,121
Rawl24,1,21,2410,ILL4778,88,126
Rawl24,1,21,2411,Maxim,75,104
Rawl24,1,21,2412,Maxim,74,121
Rawl24,1,21,2414,PI251784,74,121
Rawl24,1,21,2415,PI368647,88,126
Rawl24,1,21,2417,PI426803,66,96
Rawl24,1,21,2418,PI468900,88,121
Rawl24,1,21,2421,ILL5626,74,115
Rawl24,1,21,2423,PI431987,75,121
Rawl24,1,21,2424,PI343023,74,120
Rawl24,1,21,2425,PI298923,87,121
Rawl24,1,21,2426,PI320941,88,121
Rawl24,1,22,2427,PI426202,88,121
Rawl24,1,22,2428,PI178939,85,126
Rawl24,1,22,2429,PI420924,74,121
Rawl24,1,22,2430,PI297772,88,126
Rawl24,1,22,2432,ILL705,87,121
Rawl24,1,22,2433,Maxim,86,121
Rawl24,1,22,2434,ILL4804,73,110
Rawl24,1,22,2436,PI533690,88,121
Rawl24,1,22,2437,PI299163,75,121
Rawl24,1,22,2438,PI432212,88,121
Rawl24,1,22,2439,PI273664,71,126
Rawl24,1,22,2441,PI468902,77,121
Rawl24,1,22,2442,PI432005,87,126
Rawl24,1,22,2443,Maxim,84,121
Rawl24,1,22,2444,PI472194,53,96
Rawl24,1,23,2447,ILL4471,80,126
Rawl24,1,23,2449,W627781,88,126
Rawl24,1,23,2450,PI472559,66,96
Rawl24,1,23,2452,PI472561,63,96
Rawl24,1,23,2454,ILL7495,73,121
Rawl24,1,23,2455,PI250158,64,96
Rawl24,1,23,2459,PI431636,88,121
Rawl24,1,23,2461,PI431768,74,115
Rawl24,1,23,2462,ILL82,66,101
Rawl24,1,23,2463,PI490289,89,126
Rawl24,1,23,2464,ILL719,89,126
Rawl24,1,23,2466,PI431675,89,121
Rawl24,1,24,2468,PI379368,104,126
Rawl24,1,24,2469,PI370481,87,126
Rawl24,1,24,2473,ILL71,89,121
Rawl24,1,24,2475,PI458503,74,115
Rawl24,1,24,2476,PI471917,74,121
Rawl24,1,24,2477,PI431622,88,121
Rawl24,1,24,2479,Maxim,87,121
Rawl24,1,24,2480,ILL1861,67,101
Rawl24,1,24,2483,PI297284,75,126
Rawl24,1,24,2484,PI432028,87,121
Rawl24,1,24,2485,ILL5595,66,96
Rawl24,1,24,2486,Maxim,84,115
Rawl24,1,25,2487,PI426784,66,96
Rawl24,1,25,2489,ILL5653,70,110
Rawl24,1,25,2490,PI431642,73,110
Rawl24,1,25,2491,PI169534,89,126
Rawl24,1,25,2492,PI472274,66,96
Rawl24,1,25,2493,PI451763,82,121
Rawl24,1,25,2494,Maxim,77,121
Rawl24,1,25,2495,PI379372,74,119
Rawl24,1,25,2496,PI435954,74,123
Rawl24,1,25,2497,PI432245,74,115
Rawl24,1,25,2498,PI431923,88,121
Rawl24,2,26,2501,ILL5639,89,115
Rawl24,2,26,2503,PI472161,70,96
Rawl24,2,26,2505,PI431663,104,121
Rawl24,2,26,2506,PI472549,67,100
Rawl24,2,26,2511,ILL4738,89,115
Rawl24,2,26,2512,PI181771,87,120
Rawl24,2,26,2515,PI182217,96,110
Rawl24,2,26,2516,Maxim,87,121
Rawl24,2,26,2517,Maxim,89,121
Rawl24,2,26,2519,PI431884,106,121
Rawl24,2,27,2521,PI472400,56,96
Rawl24,2,27,2522,ILL7650,74,110
Rawl24,2,27,2523,ILL4778,106,126
Rawl24,2,27,2524,PI471917,106,126
Rawl24,2,27,2525,Maxim,89,121
Rawl24,2,27,2526,PI432184,84,115
Rawl24,2,27,2527,PI431630,106,121
Rawl24,2,27,2528,PI179324,106,121
Rawl24,2,27,2529,PI472564,74,115
Rawl24,2,27,2530,ILL7495,74,115
Rawl24,2,27,2531,PI320954,96,121
Rawl24,2,27,2532,Maxim,89,121
Rawl24,2,27,2533,ILL5626,74,123
Rawl24,2,27,2534,PI299207,82,115
Rawl24,2,27,2536,ILL4781,93,121
Rawl24,2,27,2538,W627759,100,126
Rawl24,2,27,2539,Maxim,89,121
Rawl24,2,28,2541,PI169534,102,121
Rawl24,2,28,2542,PI472559,66,101
Rawl24,2,28,2543,PI339283,106,121
Rawl24,2,28,2545,PI312175,73,123
Rawl24,2,28,2547,PI297287,108,121
Rawl24,2,28,2548,PI490288,100,126
Rawl24,2,28,2549,PI432071,89,121
Rawl24,2,28,2550,PI299116,78,115
Rawl24,2,28,2552,ILL4606,73,115
Rawl24,2,28,2553,PI432188,78,110
Rawl24,2,28,2554,PI299163,93,121
Rawl24,2,28,2555,PI299366,96,126
Rawl24,2,28,2558,PI431643,89,121
Rawl24,2,28,2559,PI518734,89,121
Rawl24,2,29,2561,PI339289,82,126
Rawl24,2,29,2563,PI518733,87,121
Rawl24,2,29,2564,ILL7437,74,110
Rawl24,2,29,2567,Maxim,82,121
Rawl24,2,29,2569,ILL4671,106,121
Rawl24,2,29,2572,PI431636,82,126
Rawl24,2,29,2574,PI299215,74,115
Rawl24,2,29,2575,PI472458,59,96
Rawl24,2,29,2576,ILL1706,66,96
Rawl24,2,29,2579,PI431631,75,126
Rawl24,2,29,2580,PI368647,96,121
Rawl24,2,30,2581,PI297754,100,126
Rawl24,2,30,2582,PI472327,67,100
Rawl24,2,30,2584,PI298923,104,131
Rawl24,2,30,2585,ILL890,74,115
Rawl24,2,30,2586,Maxim,89,121
Rawl24,2,30,2587,PI300250,75,125
Rawl24,2,30,2588,PI329167,75,121
Rawl24,2,30,2589,W627782,66,101
Rawl24,2,30,2591,ILL5028,74,123
Rawl24,2,30,2592,Maxim,84,121
Rawl24,2,30,2593,PI432106,108,115
Rawl24,2,30,2594,PI299351,102,121
Rawl24,2,30,2595,PI431768,76,115
Rawl24,2,30,2597,ILL6644,70,110
Rawl24,2,30,2598,W627767,75,120
Rawl24,2,30,2599,Maxim,82,121
Rawl24,2,30,2600,PI297284,82,121
Rawl24,2,31,2601,PI298645,88,121
Rawl24,2,31,2602,PI432005,75,121
Rawl24,2,31,2603,PI177442,88,121
Rawl24,2,31,2604,Maxim,89,121
Rawl24,2,31,2605,PI533691,87,121
Rawl24,2,31,2606,PI431710,106,121
Rawl24,2,31,2607,Maxim,89,121
Rawl24,2,31,2608,PI432028,106,121
Rawl24,2,31,2609,ILL1890,106,121
Rawl24,2,31,2611,PI297767,88,121
Rawl24,2,31,2612,PI431613,84,121
Rawl24,2,31,2613,PI468899,88,121
Rawl24,2,31,2614,PI432145,102,121
Rawl24,2,31,2615,ILL5261,74,110
Rawl24,2,31,2616,Maxim,89,126
Rawl24,2,31,2617,PI297787,104,120
Rawl24,2,31,2619,PI290716,102,121
Rawl24,2,31,2620,PI283604,106,126
Rawl24,2,32,2621,Maxim,84,121
Rawl24,2,32,2623,PI426784,73,101
Rawl24,2,32,2624,ILL3517,74,110
Rawl24,2,32,2626,ILL7084,74,120
Rawl24,2,32,2627,PI299237,87,126
Rawl24,2,32,2628,Maxim,89,121
Rawl24,2,32,2630,ILL918,76,121
Rawl24,2,32,2631,ILL5968,74,115
Rawl24,2,32,2633,PI426202,100,121
Rawl24,2,32,2636,ILL7090,73,115
Rawl24,2,32,2638,PI165586,74,115
Rawl24,2,32,2640,ILL4471,87,126
Rawl24,2,33,2641,PI320953,102,136
Rawl24,2,33,2642,ILL82,74,115
Rawl24,2,33,2643,PI379372,86.5,123.5
Rawl24,2,33,2645,PI178939,100,121
Rawl24,2,33,2646,PI299120,78,115
Rawl24,2,33,2648,PI178940,96,121
Rawl24,2,33,2650,PI211602,106,126
Rawl24,2,33,2651,PI329157,89,121
Rawl24,2,33,2652,PI244046,78,121
Rawl24,2,33,2655,PI345627,108,121
Rawl24,2,33,2656,ILL7727,74,115
Rawl24,2,33,2657,ILL4956,76,115
Rawl24,2,33,2658,PI472383,70,96
Rawl24,2,33,2659,ILL2297,75,121
Rawl24,2,34,2661,PI343025,73,110
Rawl24,2,34,2662,PI432201,84,131
Rawl24,2,34,2663,PI289079,96,126
Rawl24,2,34,2664,ILL5424,74,115
Rawl24,2,34,2666,ILL3487,70,101
Rawl24,2,34,2667,PI343026,96,121
Rawl24,2,34,2668,PI298644,104,136
Rawl24,2,34,2669,ILL5595,66,104
Rawl24,2,34,2670,PI432212,88,115
Rawl24,2,34,2671,PI477921,78,121
Rawl24,2,34,2673,Maxim,89,121
Rawl24,2,34,2674,Maxim,89,121
Rawl24,2,34,2676,Maxim,89,121
Rawl24,2,34,2678,PI432185,75,120
Rawl24,2,34,2679,ILL5384,73,115
Rawl24,2,34,2680,ILL4164,74,101
Rawl24,2,35,2681,ILL4900,88,115
Rawl24,2,35,2682,PI320935,106,121
Rawl24,2,35,2683,Maxim,84,121
Rawl24,2,35,2684,PI486128,106,126
Rawl24,2,35,2685,Maxim,84,121
Rawl24,2,35,2686,ILL6528,76,121
Rawl24,2,35,2688,PI320937,104,121
Rawl24,2,35,2689,PI379368,104,121
Rawl24,2,35,2690,Maxim,87,121
Rawl24,2,35,2691,W627758,82,120
Rawl24,2,35,2692,Maxim,89,121
Rawl24,2,35,2694,ILL4804,74,106
Rawl24,2,35,2696,PI472632,75,123
Rawl24,2,35,2697,PI299164,82,121
Rawl24,2,35,2698,W627781,108,131
Rawl24,2,35,2699,W627763,74,110
Rawl24,2,35,2700,PI175754,89,121
Rawl24,2,36,2701,ILL4831,70,101
Rawl24,2,36,2703,PI297772,88,126
Rawl24,2,36,2704,PI431684,89,121
Rawl24,2,36,2705,Maxim,87,121
Rawl24,2,36,2707,PI298357,89,121
Rawl24,2,36,2708,ILL6406,76,115
Rawl24,2,36,2710,PI533693,89,121
Rawl24,2,36,2711,ILL4774,87,120
Rawl24,2,36,2712,PI212100,86,115
Rawl24,2,36,2714,PI289073,106,121
Rawl24,2,36,2715,ILL7108,74,115
Rawl24,2,36,2717,PI431923,100,121
Rawl24,2,36,2718,ILL4830,68,101
Rawl24,2,36,2720,ILL7070,87,121
Rawl24,2,37,2722,PI370636,106,126
Rawl24,2,37,2723,PI280686,68,106
Rawl24,2,37,2727,PI472224,70,101
Rawl24,2,37,2729,PI308614,75,115
Rawl24,2,37,2730,PI320944,84,120
Rawl24,2,37,2731,ILL6925,74,110
Rawl24,2,37,2732,PI374120,106,126
Rawl24,2,37,2734,ILL2181,84,121
Rawl24,2,37,2735,PI472588,84,125
Rawl24,2,37,2736,ILL719,102,121
Rawl24,2,37,2737,PI432236,89,120
Rawl24,2,37,2738,W627780,66,96
Rawl24,2,37,2739,Maxim,84,121
Rawl24,2,37,2740,PI238758,108,126
Rawl24,2,38,2741,PI432085,74,125
Rawl24,2,38,2743,PI472194,70,131
Rawl24,2,38,2744,PI431618,84,121
Rawl24,2,38,2745,PI358602,106,121
Rawl24,2,38,2746,Maxim,84,121
Rawl24,2,38,2747,ILL4782,84,115
Rawl24,2,38,2748,ILL7774,70,96
Rawl24,2,38,2750,Maxim,106,121
Rawl24,2,38,2751,PI472615,74,115
Rawl24,2,38,2752,PI431810,106,121
Rawl24,2,38,2753,PI431675,89,121
Rawl24,2,38,2755,PI431656,78,121
Rawl24,2,38,2756,PI472629,87,126
Rawl24,2,38,2757,PI193547,89,120
Rawl24,2,38,2758,PI432237,76,121
Rawl24,2,38,2759,PI431728,89,121
Rawl24,2,38,2760,PI420924,75,115
Rawl24,2,39,2761,PI451763,108,126
Rawl24,2,39,2762,PI458503,89,120
Rawl24,2,39,2764,Maxim,89,121
Rawl24,2,39,2766,W627762,70,101
Rawl24,2,39,2767,ILL7789,87,121
Rawl24,2,39,2769,Maxim,82,121
Rawl24,2,39,2770,PI251032,75,115
Rawl24,2,39,2772,PI431987,76,125
Rawl24,2,39,2773,Maxim,78,121
Rawl24,2,39,2774,PI181886,108,121
Rawl24,2,39,2775,PI420929,74,115
Rawl24,2,39,2776,PI374121,75,125
Rawl24,2,39,2777,Maxim,87,121
Rawl24,2,39,2778,PI432147,77,125
Rawl24,2,39,2780,PI299285,108,121
Rawl24,2,40,2781,PI178971,88,115
Rawl24,2,40,2782,PI432271,89,125
Rawl24,2,40,2783,PI339279,74,110
Rawl24,2,40,2784,ILL4875,106,121
Rawl24,2,40,2785,PI431640,75,121
Rawl24,2,40,2786,PI429838,108,136
Rawl24,2,40,2787,ILL6149,74,110
Rawl24,2,40,2788,PI432001,72,96
Rawl24,2,40,2789,ILL1649,87,121
Rawl24,2,40,2790,PI431622,106,121
Rawl24,2,40,2791,PI472416,74,104
Rawl24,2,40,2792,PI431863,108,126
Rawl24,2,40,2794,Maxim,89,121
Rawl24,2,40,2795,PI357225,89,121
Rawl24,2,40,2797,PI435954,78,125
Rawl24,2,40,2798,PI472137,68,96
Rawl24,2,40,2799,PI311107,100,121
Rawl24,2,41,2807,PI432087,74,115
Rawl24,2,41,2810,PI289077,73,115
Rawl24,2,41,2813,PI298631,88,126
Rawl24,2,41,2815,PI320936,74,115
Rawl24,2,41,2816,ILL5519,76,126
Rawl24,2,41,2817,ILL1671,87,121
Rawl24,2,41,2818,Maxim,84,121
Rawl24,2,41,2819,PI289070,108,121
Rawl24,2,42,2822,ILL1861,68,121
Rawl24,2,42,2824,PI472200,62,101
Rawl24,2,42,2825,ILL1959,74,115
Rawl24,2,42,2826,ILL4915,74,115
Rawl24,2,42,2830,PI217949,80,121
Rawl24,2,42,2834,PI298122,106,121
Rawl24,2,42,2835,PI207492,84,121
Rawl24,2,42,2836,PI518732,108,121
Rawl24,2,42,2837,Maxim,84,121
Rawl24,2,42,2840,PI329169,82,126
Rawl24,2,43,2841,PI472143,108,121
Rawl24,2,43,2842,PI431679,106,121
Rawl24,2,43,2843,PI345638,74,115
Rawl24,2,43,2844,ILL5956,71,96
Rawl24,2,43,2845,ILL5645,87,121
Rawl24,2,43,2847,PI468900,106,121
Rawl24,2,43,2848,Maxim,84,121
Rawl24,2,43,2849,W627765,66,101
Rawl24,2,43,2850,ILL1097,74,120
Rawl24,2,43,2851,Maxim,82,121
Rawl24,2,43,2852,PI468902,89,120
Rawl24,2,43,2853,PI472136,66,96
Rawl24,2,43,2854,Maxim,89,121
Rawl24,2,43,2855,ILL5653,71,120
Rawl24,2,43,2856,ILL5505,74,110
Rawl24,2,43,2857,Maxim,82,121
Rawl24,2,43,2858,PI472122,64,96
Rawl24,2,43,2859,ILL2406,88,115
Rawl24,2,44,2861,PI472372,68,104
Rawl24,2,44,2863,PI229611,64,101
Rawl24,2,44,2865,Maxim,82,121
Rawl24,2,44,2867,PI299354,108,126
Rawl24,2,44,2868,ILL4791,74,115
Rawl24,2,44,2870,PI432190,108,121
Rawl24,2,44,2871,PI299371,108,121
Rawl24,2,44,2872,PI431666,78,125
Rawl24,2,44,2873,ILL5151,74,110
Rawl24,2,44,2874,PI299177,106,126
Rawl24,2,44,2875,PI533688,107,121
Rawl24,2,44,2876,Maxim,78,121
Rawl24,2,44,2878,PI343023,74,110
Rawl24,2,45,2882,PI426778,89,131
Rawl24,2,45,2883,Maxim,75,121
Rawl24,2,45,2885,PI472175,66,96
Rawl24,2,45,2886,PI472562,70,96
Rawl24,2,45,2887,PI472488,66,101
Rawl24,2,45,2888,ILL858,82,126
Rawl24,2,45,2889,PI431809,106,120
Rawl24,2,45,2890,ILL5509,74,115
Rawl24,2,45,2891,PI251784,75,121
Rawl24,2,45,2892,Maxim,89,126
Rawl24,2,45,2893,PI273664,70,121
Rawl24,2,45,2894,Maxim,87,121
Rawl24,2,45,2895,ILL4409,89,126
Rawl24,2,45,2896,ILL2231,74,115
Rawl24,2,45,2897,PI339310,74,131
Rawl24,2,45,2899,PI374116,84,126
Rawl24,2,46,2901,PI533690,88,126
Rawl24,2,46,2902,PI329158,87,121
Rawl24,2,46,2903,PI426803,66,96
Rawl24,2,46,2904,PI432124,75,121
Rawl24,2,46,2905,Maxim,87,121
Rawl24,2,46,2907,Maxim,87,121
Rawl24,2,46,2908,W627760,74,110
Rawl24,2,46,2909,ILL5416,89,121
Rawl24,2,46,2910,PI420925,74,115
Rawl24,2,46,2912,PI193548,66,96
Rawl24,2,46,2913,ILL4899,88,121
Rawl24,2,46,2915,PI339292,106,120
Rawl24,2,46,2916,PI431717,85,121
Rawl24,2,46,2917,Maxim,87,121
Rawl24,2,46,2918,PI370481,108,126
Rawl24,2,46,2919,PI368651,61,121
Rawl24,2,47,2921,PI490289,108,121
Rawl24,2,47,2922,ILL5553,66,101
Rawl24,2,47,2923,W627756,108,136
Rawl24,2,47,2924,PI339285,106,121
Rawl24,2,47,2925,ILL6350,72,110
Rawl24,2,47,2926,ILL5533,89,121
Rawl24,2,47,2927,W627766,64,101
Rawl24,2,47,2928,PI472484,71,101
Rawl24,2,47,2929,PI431633,74,120
Rawl24,2,47,2930,Maxim,87,121
Rawl24,2,47,2933,PI432002,106,121
Rawl24,2,47,2934,PI472561,66,96
Rawl24,2,47,2935,PI451766,108,126
Rawl24,2,47,2936,ILL4345,76,110
Rawl24,2,47,2937,PI250156,76,120
Rawl24,2,47,2938,PI486127,108,121
Rawl24,2,47,2939,PI431642,74,115
Rawl24,2,47,2940,PI289069,74,115
Rawl24,2,48,2942,PI472569,84,120
Rawl24,2,48,2943,PI472205,66,101
Rawl24,2,48,2944,Maxim,82,121
Rawl24,2,48,2946,PI320941,106,126
Rawl24,2,48,2947,Maxim,78,121
Rawl24,2,48,2948,Maxim,84,121
Rawl24,2,48,2950,PI429369,82,115
Rawl24,2,48,2953,Maxim,82,121
Rawl24,2,48,2955,Maxim,77,121
Rawl24,2,48,2956,Maxim,82,121
Rawl24,2,48,2957,PI508090,78,126
Rawl24,2,48,2958,PI298023,108,121
Rawl24,2,48,2960,Maxim,89,121
Rawl24,2,49,2961,ILL6493,74,110
Rawl24,2,49,2963,PI250158,66,96
Rawl24,2,49,2964,PI472274,71,96
Rawl24,2,49,2965,PI298922,87,121
Rawl24,2,49,2967,ILL71,108,115
Rawl24,2,49,2970,ILL7745,77,121
Rawl24,2,49,2971,PI251248,66,96
Rawl24,2,49,2972,PI320945,108,121
Rawl24,2,49,2973,PI163589,108,126
Rawl24,2,49,2975,Maxim,78,121
Rawl24,2,49,2976,ILL956,84,121
Rawl24,2,49,2978,Maxim,82,121
Rawl24,2,50,2981,ILL705,108,121
Rawl24,2,50,2982,ILL840,74,115
Rawl24,2,50,2984,PI431731,108,121
Rawl24,2,50,2985,Maxim,84,121
Rawl24,2,50,2986,PI432286,89,121
Rawl24,2,50,2988,PI297285,82,121
Rawl24,2,50,2990,PI432033,61,101
Rawl24,2,50,2991,Maxim,82,121
Rawl24,2,50,2992,PI431824,106,131
Rawl24,2,50,2993,PI319367,74,121
Rawl24,2,50,2994,PI320952,108,126
Rawl24,2,50,2995,PI431756,108,121
Rawl24,2,50,2997,PI432245,74,121
Rawl24,2,50,2998,W627754,108,121
Rawl24,2,50,2999,PI357226,106,121
Rawl24,2,50,3000,Maxim,82,121
Simpson24,1,1,1002,Maxim,76,98
Simpson24,1,1,1003,PI299177,78,NA
Simpson24,1,1,1004,PI472327,70,113
Simpson24,1,1,1005,Maxim,77,113
Simpson24,1,1,1007,ILL2231,76,113
Simpson24,1,1,1008,PI472416,70,113
Simpson24,1,1,1009,PI289073,77,113
Simpson24,1,1,1010,PI431824,77,NA
Simpson24,1,1,1012,PI320945,59,102
Simpson24,1,1,1013,PI432145,59,98
Simpson24,1,1,1014,PI181771,89,119
Simpson24,1,1,1015,PI472588,70,119
Simpson24,1,1,1016,PI472629,72,109
Simpson24,1,1,1018,PI299164,59,NA
Simpson24,1,1,1020,PI432002,92,119
Simpson24,1,2,1021,PI289077,59,102
Simpson24,1,2,1022,PI339289,76,113
Simpson24,1,2,1023,PI289079,64,NA
Simpson24,1,2,1024,Maxim,73,126
Simpson24,1,2,1025,ILL918,72,NA
Simpson24,1,2,1026,PI432085,64,NA
Simpson24,1,2,1027,ILL6493,70,NA
Simpson24,1,2,1028,PI175754,89,NA
Simpson24,1,2,1029,Maxim,79,109
Simpson24,1,2,1030,PI426778,87,NA
Simpson24,1,2,1031,PI432190,80,121
Simpson24,1,2,1032,PI451766,76,113
Simpson24,1,2,1033,ILL6644,70,NA
Simpson24,1,2,1034,PI319367,70,NA
Simpson24,1,2,1038,Maxim,81,NA
Simpson24,1,2,1040,PI490288,88,119
Simpson24,1,3,1044,Maxim,76,119
Simpson24,1,3,1046,PI251248,70,NA
Simpson24,1,3,1047,Maxim,73,NA
Simpson24,1,3,1049,ILL6925,70,NA
Simpson24,1,3,1050,Maxim,59,109
Simpson24,1,3,1051,PI432124,76,113
Simpson24,1,3,1052,ILL2406,73,113
Simpson24,1,3,1053,PI289070,73,NA
Simpson24,1,3,1054,ILL7070,70,NA
Simpson24,1,3,1055,ILL5424,57,109
Simpson24,1,3,1056,ILL7437,70,NA
Simpson24,1,3,1057,PI217949,70,NA
Simpson24,1,3,1058,PI472383,70,121
Simpson24,1,3,1059,Maxim,76,113
Simpson24,1,3,1060,PI429838,78,NA
Simpson24,1,4,1061,Maxim,76,102
Simpson24,1,4,1062,PI432188,71,119
Simpson24,1,4,1063,PI508090,70,119
Simpson24,1,4,1064,PI431728,85,NA
Simpson24,1,4,1065,PI486127,80,NA
Simpson24,1,4,1067,PI320935,59,109
Simpson24,1,4,1070,PI432286,88,NA
Simpson24,1,4,1072,PI431631,59,109
Simpson24,1,4,1074,PI212100,80,119
Simpson24,1,4,1075,PI431717,86,NA
Simpson24,1,4,1077,PI299237,79,109
Simpson24,1,4,1078,PI477921,66,NA
Simpson24,1,5,1081,PI339292,89,NA
Simpson24,1,5,1082,Maxim,76,NA
Simpson24,1,5,1083,PI431884,73,109
Simpson24,1,5,1084,ILL4875,88,NA
Simpson24,1,5,1087,ILL1671,88,NA
Simpson24,1,5,1088,PI472484,59,98
Simpson24,1,5,1089,PI320944,70,NA
Simpson24,1,5,1093,ILL3517,70,109
Simpson24,1,5,1095,ILL890,70,109
Simpson24,1,5,1096,PI420929,71,109
Simpson24,1,5,1097,PI297787,78,NA
Simpson24,1,5,1098,PI207492,79,109
Simpson24,1,5,1099,ILL4606,61,109
Simpson24,1,5,1100,PI339310,76,109
Simpson24,1,6,1101,PI299207,59,109
Simpson24,1,6,1102,PI290716,59,102
Simpson24,1,6,1103,W627767,59,96
Simpson24,1,6,1104,PI297287,79,119
Simpson24,1,6,1105,PI472372,70,NA
Simpson24,1,6,1107,PI518732,88,119
Simpson24,1,6,1108,ILL858,70,NA
Simpson24,1,6,1109,ILL1649,60,109
Simpson24,1,6,1113,ILL4899,59,96
Simpson24,1,6,1114,PI244046,70,109
Simpson24,1,6,1115,W627765,70,113
Simpson24,1,6,1116,Maxim,73,113
Simpson24,1,6,1117,ILL5639,74,113
Simpson24,1,6,1118,W627766,70,NA
Simpson24,1,7,1121,PI472161,60,109
Simpson24,1,7,1123,ILL1097,59,102
Simpson24,1,7,1124,ILL7774,70,NA
Simpson24,1,7,1125,PI432033,81,NA
Simpson24,1,7,1127,PI298357,79,113
Simpson24,1,7,1129,PI432106,71,119
Simpson24,1,7,1130,Maxim,80,119
Simpson24,1,7,1132,PI431633,70,NA
Simpson24,1,7,1133,PI320954,59,109
Simpson24,1,7,1134,Maxim,60,NA
Simpson24,1,7,1135,ILL4409,80,121
Simpson24,1,7,1136,PI298023,91,113
Simpson24,1,7,1138,PI431613,72,NA
Simpson24,1,7,1139,ILL4164,92,NA
Simpson24,1,7,1140,ILL2181,80,NA
Simpson24,1,8,1141,ILL4831,59,NA
Simpson24,1,8,1142,Maxim,80,NA
Simpson24,1,8,1143,W627760,70,113
Simpson24,1,8,1144,PI431618,70,119
Simpson24,1,8,1145,ILL6149,61,NA
Simpson24,1,8,1146,ILL5151,70,NA
Simpson24,1,8,1149,PI320953,92,NA
Simpson24,1,8,1150,PI431756,86,NA
Simpson24,1,8,1151,PI343025,70,119
Simpson24,1,8,1153,PI472562,70,123
Simpson24,1,8,1154,ILL5533,59,109
Simpson24,1,8,1156,ILL7789,70,NA
Simpson24,1,8,1157,PI472400,59,109
Simpson24,1,8,1159,PI518733,87,NA
Simpson24,1,8,1160,ILL7745,70,109
Simpson24,1,9,1162,PI468899,60,108
Simpson24,1,9,1163,ILL3487,70,NA
Simpson24,1,9,1164,PI299354,79,NA
Simpson24,1,9,1165,Maxim,76,NA
Simpson24,1,9,1166,PI431656,70,NA
Simpson24,1,9,1167,PI312175,70,NA
Simpson24,1,9,1172,Maxim,80,118
Simpson24,1,9,1173,PI472137,70,NA
Simpson24,1,9,1174,W627756,74,NA
Simpson24,1,9,1175,ILL5645,79,NA
Simpson24,1,9,1176,PI368651,70,NA
Simpson24,1,9,1178,Maxim,80,NA
Simpson24,1,9,1179,ILL5519,71,NA
Simpson24,1,9,1180,PI486128,89,NA
Simpson24,1,10,1181,PI177442,79,NA
Simpson24,1,10,1182,PI329167,70,109
Simpson24,1,10,1183,Maxim,72,NA
Simpson24,1,10,1184,ILL7650,66,109
Simpson24,1,10,1185,PI308614,70,109
Simpson24,1,10,1187,PI311107,88,NA
Simpson24,1,10,1188,Maxim,72,119
Simpson24,1,10,1190,PI431666,72,109
Simpson24,1,10,1195,PI432185,70,109
Simpson24,1,10,1197,PI357226,86,NA
Simpson24,1,10,1198,ILL5505,75,109
Simpson24,1,10,1199,Maxim,73,NA
Simpson24,1,11,1202,PI299366,59,98
Simpson24,1,11,1204,Maxim,80,NA
Simpson24,1,11,1205,PI345638,70,109
Simpson24,1,11,1206,PI297754,60,NA
Simpson24,1,11,1207,Maxim,59,102
Simpson24,1,11,1208,PI299120,70,113
Simpson24,1,11,1209,ILL4782,70,NA
Simpson24,1,11,1211,W627758,59,NA
Simpson24,1,11,1212,ILL4774,59,98
Simpson24,1,11,1214,PI339285,88,119
Simpson24,1,11,1215,PI472564,70,NA
Simpson24,1,11,1216,PI431710,81,113
Simpson24,1,11,1217,PI432201,59,NA
Simpson24,1,11,1219,Maxim,76,NA
Simpson24,1,11,1220,ILL1959,60,NA
Simpson24,1,12,1221,PI472458,70,113
Simpson24,1,12,1222,ILL5553,70,119
Simpson24,1,12,1223,PI472143,57,102
Simpson24,1,12,1224,ILL7084,70,NA
Simpson24,1,12,1225,PI432184,70,NA
Simpson24,1,12,1226,ILL5416,80,119
Simpson24,1,12,1229,PI432071,70,113
Simpson24,1,12,1230,PI320936,70,119
Simpson24,1,12,1231,Maxim,79,113
Simpson24,1,12,1232,PI533693,88,NA
Simpson24,1,12,1234,PI298122,59,113
Simpson24,1,12,1235,ILL2297,72,109
Simpson24,1,12,1236,PI299285,89,98
Simpson24,1,12,1237,Maxim,76,NA
Simpson24,1,12,1238,Maxim,59,102
Simpson24,1,12,1239,PI280686,70,113
Simpson24,1,12,1240,Maxim,59,109
Simpson24,1,13,1241,PI472549,89,NA
Simpson24,1,13,1243,ILL7090,70,NA
Simpson24,1,13,1244,Maxim,71,NA
Simpson24,1,13,1245,PI345627,89,NA
Simpson24,1,13,1246,Maxim,76,NA
Simpson24,1,13,1249,PI432147,88,109
Simpson24,1,13,1250,ILL5028,70,109
Simpson24,1,13,1251,ILL6350,70,109
Simpson24,1,13,1253,PI283604,59,102
Simpson24,1,13,1254,Maxim,94,NA
Simpson24,1,13,1256,ILL956,80,NA
Simpson24,1,13,1257,ILL4791,70,NA
Simpson24,1,13,1259,Maxim,60,102
Simpson24,1,13,1260,PI320952,89,NA
Simpson24,1,14,1261,PI182217,80,NA
Simpson24,1,14,1262,PI431809,72,NA
Simpson24,1,14,1263,PI251032,77,NA
Simpson24,1,14,1264,Maxim,75,NA
Simpson24,1,14,1265,W627759,80,NA
Simpson24,1,14,1266,ILL4671,76,NA
Simpson24,1,14,1269,PI431679,89,NA
Simpson24,1,14,1270,PI533688,88.5,122
Simpson24,1,14,1271,PI297767,88,NA
Simpson24,1,14,1272,PI297285,80,NA
Simpson24,1,14,1274,ILL7108,83,118
Simpson24,1,14,1276,PI211602,88,NA
Simpson24,1,14,1278,PI165586,70,NA
Simpson24,1,15,1281,ILL4345,72,109
Simpson24,1,15,1282,Maxim,88,119
Simpson24,1,15,1285,ILL4781,92,NA
Simpson24,1,15,1286,ILL4900,73,109
Simpson24,1,15,1288,PI472224,59,98
Simpson24,1,15,1289,PI472205,59,102
Simpson24,1,15,1290,PI300250,70,109
Simpson24,1,15,1293,PI420925,70,NA
Simpson24,1,15,1294,Maxim,77,NA
Simpson24,1,15,1295,ILL7727,69,109
Simpson24,1,15,1296,PI518734,88,NA
Simpson24,1,15,1297,PI343026,80,109
Simpson24,1,15,1299,PI178971,79,NA
Simpson24,1,15,1300,Maxim,70,NA
Simpson24,1,16,1301,PI329158,59,102
Simpson24,1,16,1303,PI299215,69,109
Simpson24,1,16,1304,W627763,70,119
Simpson24,1,16,1306,Maxim,79,NA
Simpson24,1,16,1307,PI472615,64,NA
Simpson24,1,16,1309,PI472175,70,123
Simpson24,1,16,1310,PI298644,89,121
Simpson24,1,16,1311,PI298631,59,102
Simpson24,1,16,1314,PI472569,88,119
Simpson24,1,16,1315,Maxim,79,117
Simpson24,1,16,1316,PI431640,73,119
Simpson24,1,16,1317,PI229611,70,109
Simpson24,1,16,1318,Maxim,73,NA
Simpson24,1,16,1319,Maxim,61,NA
Simpson24,1,16,1320,PI370636,70,119
Simpson24,1,17,1321,ILL4915,70,121
Simpson24,1,17,1322,Maxim,68,NA
Simpson24,1,17,1325,PI299116,71,NA
Simpson24,1,17,1326,PI472136,70,NA
Simpson24,1,17,1327,PI431630,90,NA
Simpson24,1,17,1328,PI432236,88,NA
Simpson24,1,17,1329,Maxim,80,NA
Simpson24,1,17,1330,W627754,88,NA
Simpson24,1,17,1331,ILL6528,70,119
Simpson24,1,17,1332,PI432001,70,NA
Simpson24,1,17,1333,PI431684,71,NA
Simpson24,1,17,1334,ILL4738,59,98
Simpson24,1,17,1336,Maxim,78,NA
Simpson24,1,17,1337,PI193547,88,NA
Simpson24,1,17,1339,PI298645,80,NA
Simpson24,1,17,1340,PI299351,88,NA
Simpson24,1,18,1341,ILL5261,64,NA
Simpson24,1,18,1342,PI431643,78,NA
Simpson24,1,18,1343,PI431863,87,113
Simpson24,1,18,1344,PI181886,73,NA
Simpson24,1,18,1346,Maxim,79,NA
Simpson24,1,18,1349,PI178940,59,98
Simpson24,1,18,1351,PI289069,70,NA
Simpson24,1,18,1353,Maxim,64,109
Simpson24,1,18,1354,PI179324,89,113
Simpson24,1,18,1355,PI374116,88,119
Simpson24,1,18,1356,W627780,70,NA
Simpson24,1,18,1357,PI431810,72,NA
Simpson24,1,18,1358,PI298922,64,NA
Simpson24,1,18,1359,PI431663,86,109
Simpson24,1,18,1360,PI429369,71,NA
Simpson24,1,19,1362,ILL6406,70,NA
Simpson24,1,19,1364,PI472632,74,108
Simpson24,1,19,1365,PI339279,70,NA
Simpson24,1,19,1366,W627782,70,NA
Simpson24,1,19,1367,ILL5509,70,NA
Simpson24,1,19,1369,PI472200,59,98
Simpson24,1,19,1372,ILL5956,70,NA
Simpson24,1,19,1373,PI193548,59,102
Simpson24,1,19,1374,PI432087,70,NA
Simpson24,1,19,1375,PI432237,70,NA
Simpson24,1,19,1376,PI533691,79,112
Simpson24,1,19,1377,PI329157,70,NA
Simpson24,1,19,1378,ILL1706,70,NA
Simpson24,1,19,1379,PI250156,70,NA
Simpson24,1,19,1380,Maxim,79,119
Simpson24,1,20,1382,ILL4956,70,109
Simpson24,1,20,1383,PI339283,80,NA
Simpson24,1,20,1385,PI374121,72,119
Simpson24,1,20,1386,ILL840,62,109
Simpson24,1,20,1387,PI238758,79,109
Simpson24,1,20,1388,Maxim,76,NA
Simpson24,1,20,1389,Maxim,71,NA
Simpson24,1,20,1390,ILL5968,73,109
Simpson24,1,20,1391,PI320937,92,NA
Simpson24,1,20,1393,PI163589,88,NA
Simpson24,1,20,1394,ILL5384,60,NA
Simpson24,1,20,1395,PI432271,88,NA
Simpson24,1,20,1396,PI472122,59,NA
Simpson24,1,20,1397,PI472488,59,102
Simpson24,1,20,1398,PI299371,80,NA
Simpson24,1,20,1399,Maxim,71,NA
Simpson24,1,20,1400,Maxim,71,NA
Simpson24,1,21,1402,ILL1890,59,102
Simpson24,1,21,1403,ILL4830,70,121
Simpson24,1,21,1404,PI374120,59,109
Simpson24,1,21,1405,PI431731,79,117
Simpson24,1,21,1406,PI329169,70,121
Simpson24,1,21,1407,W627762,82,119
Simpson24,1,21,1408,PI357225,80,NA
Simpson24,1,21,1409,PI358602,59,NA
Simpson24,1,21,1410,ILL4778,89,NA
Simpson24,1,21,1411,Maxim,61,102
Simpson24,1,21,1412,Maxim,59,98
Simpson24,1,21,1414,PI251784,76,121
Simpson24,1,21,1415,PI368647,100,NA
Simpson24,1,21,1417,PI426803,70,NA
Simpson24,1,21,1418,PI468900,96,NA
Simpson24,1,22,1421,ILL5626,70,NA
Simpson24,1,22,1423,PI431987,69,NA
Simpson24,1,22,1424,PI343023,59,109
Simpson24,1,22,1425,PI298923,92,121
Simpson24,1,22,1426,PI320941,89,NA
Simpson24,1,22,1427,PI426202,83,NA
Simpson24,1,22,1428,PI178939,89,123
Simpson24,1,22,1429,PI420924,70,NA
Simpson24,1,22,1430,PI297772,89,119
Simpson24,1,22,1432,ILL705,88,123
Simpson24,1,22,1433,Maxim,80,NA
Simpson24,1,22,1434,ILL4804,70,119
Simpson24,1,22,1436,PI533690,59,NA
Simpson24,1,22,1437,PI299163,89,NA
Simpson24,1,22,1438,PI432212,88,NA
Simpson24,1,22,1439,PI273664,66,109
Simpson24,1,23,1441,PI468902,81,NA
Simpson24,1,23,1442,PI432005,70,119
Simpson24,1,23,1443,Maxim,78,NA
Simpson24,1,23,1444,PI472194,70,119
Simpson24,1,23,1447,ILL4471,70,109
Simpson24,1,23,1449,W627781,59,NA
Simpson24,1,23,1450,PI472559,70,NA
Simpson24,1,23,1452,PI472561,70,NA
Simpson24,1,23,1454,ILL7495,59,109
Simpson24,1,23,1455,PI250158,70,NA
Simpson24,1,23,1459,PI431636,70,119
Simpson24,1,24,1461,PI431768,70,NA
Simpson24,1,24,1462,ILL82,70,NA
Simpson24,1,24,1463,PI490289,60,96
Simpson24,1,24,1464,ILL719,87,NA
Simpson24,1,24,1466,PI431675,80,NA
Simpson24,1,24,1468,PI379368,80,NA
Simpson24,1,24,1469,PI370481,80,NA
Simpson24,1,24,1473,ILL71,59,100
Simpson24,1,24,1475,PI458503,59,NA
Simpson24,1,24,1476,PI471917,59,109
Simpson24,1,24,1477,PI431622,86,NA
Simpson24,1,24,1479,Maxim,75,118
Simpson24,1,24,1480,ILL1861,60,108
Simpson24,1,25,1483,PI297284,71,NA
Simpson24,1,25,1484,PI432028,80,108
Simpson24,1,25,1485,ILL5595,59,97
Simpson24,1,25,1486,Maxim,72,NA
Simpson24,1,25,1487,PI426784,59,97
Simpson24,1,25,1489,ILL5653,64,101
Simpson24,1,25,1490,PI431642,70,108
Simpson24,1,25,1491,PI169534,89,NA
Simpson24,1,25,1492,PI472274,59,97
Simpson24,1,25,1493,PI451763,75,NA
Simpson24,1,25,1494,Maxim,75,NA
Simpson24,1,25,1495,PI379372,80,NA
Simpson24,1,25,1496,PI435954,70,108
Simpson24,1,25,1497,PI432245,70,101
Simpson24,1,25,1498,PI431923,76,NA
Simpson24,2,1,1501,ILL5639,75,NA
Simpson24,2,1,1503,PI472161,59,97
Simpson24,2,1,1505,PI431663,75,NA
Simpson24,2,1,1506,PI472549,60,97
Simpson24,2,1,1511,ILL4738,71,112
Simpson24,2,1,1512,PI181771,72,118
Simpson24,2,1,1515,PI182217,73,NA
Simpson24,2,1,1516,Maxim,77,118
Simpson24,2,1,1517,Maxim,77,NA
Simpson24,2,1,1519,PI431884,75,NA
Simpson24,2,2,1521,PI472400,59,97
Simpson24,2,2,1522,ILL7650,62,97
Simpson24,2,2,1523,ILL4778,NA,NA
Simpson24,2,2,1524,PI471917,75,118
Simpson24,2,2,1525,Maxim,73,NA
Simpson24,2,2,1526,PI432184,78,NA
Simpson24,2,2,1527,PI431630,89,NA
Simpson24,2,2,1528,PI179324,74,NA
Simpson24,2,2,1529,PI472564,73,112
Simpson24,2,2,1530,ILL7495,69,101
Simpson24,2,2,1531,PI320954,78,NA
Simpson24,2,2,1532,Maxim,72,NA
Simpson24,2,2,1533,ILL5626,70,101
Simpson24,2,2,1534,PI299207,71,NA
Simpson24,2,2,1536,ILL4781,89,NA
Simpson24,2,2,1538,W627759,78,120
Simpson24,2,2,1539,Maxim,77,120
Simpson24,2,3,1541,PI169534,80,NA
Simpson24,2,3,1542,PI472559,60,97
Simpson24,2,3,1543,PI339283,74,NA
Simpson24,2,3,1545,PI312175,70,NA
Simpson24,2,3,1547,PI297287,75,120
Simpson24,2,3,1548,PI490288,74,NA
Simpson24,2,3,1549,PI432071,70,108
Simpson24,2,3,1550,PI299116,70,NA
Simpson24,2,3,1552,ILL4606,66,108
Simpson24,2,3,1553,PI432188,70,112
Simpson24,2,3,1554,PI299163,89,NA
Simpson24,2,3,1555,PI299366,75,NA
Simpson24,2,3,1558,PI431643,72,NA
Simpson24,2,3,1559,PI518734,74,NA
Simpson24,2,4,1561,PI339289,79,NA
Simpson24,2,4,1563,PI518733,78,NA
Simpson24,2,4,1564,ILL7437,64,101
Simpson24,2,4,1567,Maxim,75,NA
Simpson24,2,4,1569,ILL4671,78,NA
Simpson24,2,4,1572,PI431636,70,NA
Simpson24,2,4,1574,PI299215,70,NA
Simpson24,2,4,1575,PI472458,59,97
Simpson24,2,4,1576,ILL1706,59,97
Simpson24,2,4,1579,PI431631,70,NA
Simpson24,2,4,1580,PI368647,84,NA
Simpson24,2,5,1581,PI297754,74,NA
Simpson24,2,5,1582,PI472327,60,97
Simpson24,2,5,1584,PI298923,78,NA
Simpson24,2,5,1585,ILL890,70,108
Simpson24,2,5,1586,Maxim,73,NA
Simpson24,2,5,1587,PI300250,70,97
Simpson24,2,5,1588,PI329167,70,108
Simpson24,2,5,1589,W627782,59,97
Simpson24,2,5,1591,ILL5028,70,108
Simpson24,2,5,1592,Maxim,78,NA
Simpson24,2,5,1593,PI432106,77,NA
Simpson24,2,5,1594,PI299351,73,108
Simpson24,2,5,1595,PI431768,70,97
Simpson24,2,5,1597,ILL6644,64,97
Simpson24,2,5,1598,W627767,70,97
Simpson24,2,5,1599,Maxim,71,NA
Simpson24,2,5,1600,PI297284,75,NA
Simpson24,2,6,1601,PI298645,74,122
Simpson24,2,6,1602,PI432005,70,112
Simpson24,2,6,1603,PI177442,73,NA
Simpson24,2,6,1604,Maxim,75,118
Simpson24,2,6,1605,PI533691,77,120
Simpson24,2,6,1606,PI431710,73,NA
Simpson24,2,6,1607,Maxim,75,NA
Simpson24,2,6,1608,PI432028,74,112
Simpson24,2,6,1609,ILL1890,78,NA
Simpson24,2,6,1611,PI297767,80,NA
Simpson24,2,6,1612,PI431613,70,NA
Simpson24,2,6,1613,PI468899,75,NA
Simpson24,2,6,1614,PI432145,74,NA
Simpson24,2,6,1615,ILL5261,70,108
Simpson24,2,6,1616,Maxim,76,120
Simpson24,2,6,1617,PI297787,74,NA
Simpson24,2,6,1619,PI290716,74,NA
Simpson24,2,6,1620,PI283604,74,NA
Simpson24,2,7,1621,Maxim,70,NA
Simpson24,2,7,1623,PI426784,59,101
Simpson24,2,7,1624,ILL3517,70,NA
Simpson24,2,7,1626,ILL7084,70,101
Simpson24,2,7,1627,PI299237,66,NA
Simpson24,2,7,1628,Maxim,75,118
Simpson24,2,7,1630,ILL918,70,108
Simpson24,2,7,1631,ILL5968,70,NA
Simpson24,2,7,1633,PI426202,75,NA
Simpson24,2,7,1636,ILL7090,64,97
Simpson24,2,7,1638,PI165586,70,97
Simpson24,2,7,1640,ILL4471,74,NA
Simpson24,2,8,1641,PI320953,93,NA
Simpson24,2,8,1642,ILL82,59,101
Simpson24,2,8,1643,PI379372,78,NA
Simpson24,2,8,1645,PI178939,78,NA
Simpson24,2,8,1646,PI299120,70,108
Simpson24,2,8,1648,PI178940,76,NA
Simpson24,2,8,1650,PI211602,74,NA
Simpson24,2,8,1651,PI329157,70,NA
Simpson24,2,8,1652,PI244046,70,108
Simpson24,2,8,1655,PI345627,86,NA
Simpson24,2,8,1656,ILL7727,70,108
Simpson24,2,8,1657,ILL4956,70,101
Simpson24,2,8,1658,PI472383,59,97
Simpson24,2,8,1659,ILL2297,74,NA
Simpson24,2,9,1661,PI343025,60,NA
Simpson24,2,9,1662,PI432201,74,NA
Simpson24,2,9,1663,PI289079,74,NA
Simpson24,2,9,1664,ILL5424,72,NA
Simpson24,2,9,1666,ILL3487,59,97
Simpson24,2,9,1667,PI343026,71,NA
Simpson24,2,9,1668,PI298644,73,NA
Simpson24,2,9,1669,ILL5595,59,97
Simpson24,2,9,1670,PI432212,74,NA
Simpson24,2,9,1671,PI477921,72,NA
Simpson24,2,9,1673,Maxim,76,NA
Simpson24,2,9,1674,Maxim,75,NA
Simpson24,2,9,1676,Maxim,76,NA
Simpson24,2,9,1678,PI432185,70,NA
Simpson24,2,9,1679,ILL5384,70,108
Simpson24,2,9,1680,ILL4164,71,NA
Simpson24,2,10,1681,ILL4900,73,NA
Simpson24,2,10,1682,PI320935,71,NA
Simpson24,2,10,1683,Maxim,72,NA
Simpson24,2,10,1684,PI486128,78,NA
Simpson24,2,10,1685,Maxim,72,NA
Simpson24,2,10,1686,ILL6528,72,97
Simpson24,2,10,1688,PI320937,85,NA
Simpson24,2,10,1689,PI379368,70,108
Simpson24,2,10,1690,Maxim,73,NA
Simpson24,2,10,1691,W627758,70,NA
Simpson24,2,10,1692,Maxim,75,NA
Simpson24,2,10,1694,ILL4804,71,NA
Simpson24,2,10,1696,PI472632,70,97
Simpson24,2,10,1697,PI299164,73,NA
Simpson24,2,10,1698,W627781,86,NA
Simpson24,2,10,1699,W627763,70,97
Simpson24,2,10,1700,PI175754,73,108
Simpson24,2,11,1701,ILL4831,59,97
Simpson24,2,11,1703,PI297772,73,NA
Simpson24,2,11,1704,PI431684,78,NA
Simpson24,2,11,1705,Maxim,76,120
Simpson24,2,11,1707,PI298357,70,NA
Simpson24,2,11,1708,ILL6406,60,NA
Simpson24,2,11,1710,PI533693,75,118
Simpson24,2,11,1711,ILL4774,70,112
Simpson24,2,11,1712,PI212100,71,112
Simpson24,2,11,1714,PI289073,76,118
Simpson24,2,11,1715,ILL7108,70,97
Simpson24,2,11,1717,PI431923,74,NA
Simpson24,2,11,1718,ILL4830,59,97
Simpson24,2,11,1720,ILL7070,71,NA
Simpson24,2,12,1722,PI370636,72,NA
Simpson24,2,12,1723,PI280686,60,NA
Simpson24,2,12,1727,PI472224,59,97
Simpson24,2,12,1729,PI308614,70,NA
Simpson24,2,12,1730,PI320944,73,NA
Simpson24,2,12,1731,ILL6925,59,NA
Simpson24,2,12,1732,PI374120,75,NA
Simpson24,2,12,1734,ILL2181,75,118
Simpson24,2,12,1735,PI472588,70,112
Simpson24,2,12,1736,ILL719,74,118
Simpson24,2,12,1737,PI432236,78,NA
Simpson24,2,12,1738,W627780,59,97
Simpson24,2,12,1739,Maxim,75,NA
Simpson24,2,12,1740,PI238758,75,NA
Simpson24,2,13,1741,PI432085,70,NA
Simpson24,2,13,1743,PI472194,59,97
Simpson24,2,13,1744,PI431618,70,101
Simpson24,2,13,1745,PI358602,84,120
Simpson24,2,13,1746,Maxim,71,NA
Simpson24,2,13,1747,ILL4782,70,97
Simpson24,2,13,1748,ILL7774,59,97
Simpson24,2,13,1750,Maxim,72,NA
Simpson24,2,13,1751,PI472615,60,108
Simpson24,2,13,1752,PI431810,70,NA
Simpson24,2,13,1753,PI431675,74,NA
Simpson24,2,13,1755,PI431656,70,NA
Simpson24,2,13,1756,PI472629,70,108
Simpson24,2,13,1757,PI193547,77,108
Simpson24,2,13,1758,PI432237,70,NA
Simpson24,2,13,1759,PI431728,78,NA
Simpson24,2,13,1760,PI420924,71,108
Simpson24,2,14,1761,PI451763,75,NA
Simpson24,2,14,1762,PI458503,70,NA
Simpson24,2,14,1764,Maxim,75,NA
Simpson24,2,14,1766,W627762,64.5,96
Simpson24,2,14,1767,ILL7789,70,NA
Simpson24,2,14,1769,Maxim,71,NA
Simpson24,2,14,1770,PI251032,70,NA
Simpson24,2,14,1772,PI431987,70,NA
Simpson24,2,14,1773,Maxim,77,NA
Simpson24,2,14,1774,PI181886,75,NA
Simpson24,2,14,1775,PI420929,70,97
Simpson24,2,14,1776,PI374121,71,NA
Simpson24,2,14,1777,Maxim,72,NA
Simpson24,2,14,1778,PI432147,74,112
Simpson24,2,14,1780,PI299285,79,NA
Simpson24,2,15,1781,PI178971,77,101
Simpson24,2,15,1782,PI432271,74,NA
Simpson24,2,15,1783,PI339279,60,97
Simpson24,2,15,1784,ILL4875,74,NA
Simpson24,2,15,1785,PI431640,70,108
Simpson24,2,15,1786,PI429838,72,NA
Simpson24,2,15,1787,ILL6149,73,108
Simpson24,2,15,1788,PI432001,59,97
Simpson24,2,15,1789,ILL1649,70,NA
Simpson24,2,15,1790,PI431622,77,97
Simpson24,2,15,1791,PI472416,59,97
Simpson24,2,15,1792,PI431863,74,108
Simpson24,2,15,1794,Maxim,71,NA
Simpson24,2,15,1795,PI357225,83,NA
Simpson24,2,15,1797,PI435954,70,97
Simpson24,2,15,1798,PI472137,59,91
Simpson24,2,15,1799,PI311107,75,NA
Simpson24,2,16,1807,PI432087,70,101
Simpson24,2,16,1810,PI289077,64,108
Simpson24,2,16,1813,PI298631,75,NA
Simpson24,2,16,1815,PI320936,70,108
Simpson24,2,16,1816,ILL5519,72,NA
Simpson24,2,16,1817,ILL1671,82,120
Simpson24,2,16,1818,Maxim,77,NA
Simpson24,2,16,1819,PI289070,91,NA
Simpson24,2,17,1822,ILL1861,60,97
Simpson24,2,17,1824,PI472200,60,97
Simpson24,2,17,1825,ILL1959,70,NA
Simpson24,2,17,1826,ILL4915,71,108
Simpson24,2,17,1830,PI217949,60,NA
Simpson24,2,17,1834,PI298122,74,118
Simpson24,2,17,1835,PI207492,74,118
Simpson24,2,17,1836,PI518732,84,120
Simpson24,2,17,1837,Maxim,75,NA
Simpson24,2,17,1840,PI329169,70,112
Simpson24,2,18,1841,PI472143,75,118
Simpson24,2,18,1842,PI431679,86,NA
Simpson24,2,18,1843,PI345638,60,97
Simpson24,2,18,1844,ILL5956,59,97
Simpson24,2,18,1845,ILL5645,75,NA
Simpson24,2,18,1847,PI468900,74,121
Simpson24,2,18,1848,Maxim,72,NA
Simpson24,2,18,1849,W627765,59,97
Simpson24,2,18,1850,ILL1097,72,NA
Simpson24,2,18,1851,Maxim,75,NA
Simpson24,2,18,1852,PI468902,78,120
Simpson24,2,18,1853,PI472136,59,97
Simpson24,2,18,1854,Maxim,75,NA
Simpson24,2,18,1855,ILL5653,60,NA
Simpson24,2,18,1856,ILL5505,70,108
Simpson24,2,18,1857,Maxim,72,NA
Simpson24,2,18,1858,PI472122,59,97
Simpson24,2,18,1859,ILL2406,70,108
Simpson24,2,19,1861,PI472372,59,96
Simpson24,2,19,1863,PI229611,59,96
Simpson24,2,19,1865,Maxim,74,NA
Simpson24,2,19,1867,PI299354,73,NA
Simpson24,2,19,1868,ILL4791,70,107
Simpson24,2,19,1870,PI432190,75,NA
Simpson24,2,19,1871,PI299371,74,NA
Simpson24,2,19,1872,PI431666,79,NA
Simpson24,2,19,1873,ILL5151,70,96
Simpson24,2,19,1874,PI299177,74,NA
Simpson24,2,19,1875,PI533688,82.5,NA
Simpson24,2,19,1876,Maxim,74,NA
Simpson24,2,19,1878,PI343023,66,NA
Simpson24,2,20,1882,PI426778,88,NA
Simpson24,2,20,1883,Maxim,70,119
Simpson24,2,20,1885,PI472175,59,96
Simpson24,2,20,1886,PI472562,60,96
Simpson24,2,20,1887,PI472488,59,96
Simpson24,2,20,1888,ILL858,73,NA
Simpson24,2,20,1889,PI431809,70,107
Simpson24,2,20,1890,ILL5509,68,107
Simpson24,2,20,1891,PI251784,83,NA
Simpson24,2,20,1892,Maxim,77,NA
Simpson24,2,20,1893,PI273664,61,NA
Simpson24,2,20,1894,Maxim,72,NA
Simpson24,2,20,1895,ILL4409,73,NA
Simpson24,2,20,1896,ILL2231,73,107
Simpson24,2,20,1897,PI339310,70,107
Simpson24,2,20,1899,PI374116,NA,NA
Simpson24,2,21,1901,PI533690,74,117
Simpson24,2,21,1902,PI329158,74,NA
Simpson24,2,21,1903,PI426803,59,96
Simpson24,2,21,1904,PI432124,78,111
Simpson24,2,21,1905,Maxim,74,NA
Simpson24,2,21,1907,Maxim,74,117
Simpson24,2,21,1908,W627760,70,100
Simpson24,2,21,1909,ILL5416,77,NA
Simpson24,2,21,1910,PI420925,70,NA
Simpson24,2,21,1912,PI193548,60,96
Simpson24,2,21,1913,ILL4899,75,NA
Simpson24,2,21,1915,PI339292,78,NA
Simpson24,2,21,1916,PI431717,74,111
Simpson24,2,21,1917,Maxim,77,NA
Simpson24,2,21,1918,PI370481,74,NA
Simpson24,2,21,1919,PI368651,62,NA
Simpson24,2,22,1921,PI490289,72,NA
Simpson24,2,22,1922,ILL5553,59,96
Simpson24,2,22,1923,W627756,92,NA
Simpson24,2,22,1924,PI339285,72,117
Simpson24,2,22,1925,ILL6350,59,96
Simpson24,2,22,1926,ILL5533,77,NA
Simpson24,2,22,1927,W627766,60,96
Simpson24,2,22,1928,PI472484,59,96
Simpson24,2,22,1929,PI431633,70,NA
Simpson24,2,22,1930,Maxim,76,NA
Simpson24,2,22,1933,PI432002,89,NA
Simpson24,2,22,1934,PI472561,59,96
Simpson24,2,22,1935,PI451766,76,NA
Simpson24,2,22,1936,ILL4345,70,107
Simpson24,2,22,1937,PI250156,73,117
Simpson24,2,22,1938,PI486127,86,NA
Simpson24,2,22,1939,PI431642,70,107
Simpson24,2,22,1940,PI289069,72,120
Simpson24,2,23,1942,PI472569,74,117
Simpson24,2,23,1943,PI472205,59,96
Simpson24,2,23,1944,Maxim,78,NA
Simpson24,2,23,1946,PI320941,86,NA
Simpson24,2,23,1947,Maxim,73,NA
Simpson24,2,23,1948,Maxim,78,NA
Simpson24,2,23,1950,PI429369,70,107
Simpson24,2,23,1953,Maxim,78,NA
Simpson24,2,23,1955,Maxim,74,NA
Simpson24,2,23,1956,Maxim,74,NA
Simpson24,2,23,1957,PI508090,71,NA
Simpson24,2,23,1958,PI298023,88,NA
Simpson24,2,23,1960,Maxim,78,NA
Simpson24,2,24,1961,ILL6493,66,NA
Simpson24,2,24,1963,PI250158,59,96
Simpson24,2,24,1964,PI472274,59,96
Simpson24,2,24,1965,PI298922,74,NA
Simpson24,2,24,1967,ILL71,75,NA
Simpson24,2,24,1970,ILL7745,70,NA
Simpson24,2,24,1971,PI251248,59,100
Simpson24,2,24,1972,PI320945,77,NA
Simpson24,2,24,1973,PI163589,73,NA
Simpson24,2,24,1975,Maxim,78,NA
Simpson24,2,24,1976,ILL956,78,111
Simpson24,2,24,1978,Maxim,73,NA
Simpson24,2,25,1981,ILL705,83,NA
Simpson24,2,25,1982,ILL840,66,96
Simpson24,2,25,1984,PI431731,74,107
Simpson24,2,25,1985,Maxim,73,NA
Simpson24,2,25,1986,PI432286,74,NA
Simpson24,2,25,1988,PI297285,74,NA
Simpson24,2,25,1990,PI432033,72,107
Simpson24,2,25,1991,Maxim,78,NA
Simpson24,2,25,1992,PI431824,70,NA
Simpson24,2,25,1993,PI319367,70,107
Simpson24,2,25,1994,PI320952,NA,NA
Simpson24,2,25,1995,PI431756,75,107
Simpson24,2,25,1997,PI432245,70,107
Simpson24,2,25,1998,W627754,86,NA
Simpson24,2,25,1999,PI357226,74,NA
Simpson24,2,25,2000,Maxim,74,NA
